phase,language,method,family,instance_key,n,nnz,seed,t1_ns,t8_ns,s8,e8
drazin,julia,dgmres,illcond_block_singular/k2,illcond_block_singular/ncore040_k2_n00000042,42,1601,1000,1559267.5,1081167.5,1.4422,0.1803
drazin,julia,dgmres,illcond_block_singular/k2,illcond_block_singular/ncore040_k2_n00000042,42,1601,1001,1352560.5,1178968.0,1.1472,0.1434
drazin,julia,dgmres,illcond_block_singular/k2,illcond_block_singular/ncore040_k2_n00000042,42,1601,1002,1343620.0,1078064.5,1.2463,0.1558
drazin,julia,dgmres,coupled_singular/k3,coupled_singular/ncore040_k3_n00000043,43,1722,1000,2314015.0,2628090.0,0.8805,0.1101
drazin,julia,dgmres,coupled_singular/k3,coupled_singular/ncore040_k3_n00000043,43,1722,1001,2577709.5,2730196.5,0.9441,0.1180
drazin,julia,dgmres,coupled_singular/k3,coupled_singular/ncore040_k3_n00000043,43,1722,1002,2610750.0,2645082.0,0.9870,0.1234
drazin,julia,dgmres,similarity_singular/k3,similarity_singular/ncore040_k3_n00000043,43,1849,1000,3329848.0,2797981.5,1.1901,0.1488
drazin,julia,dgmres,similarity_singular/k3,similarity_singular/ncore040_k3_n00000043,43,1849,1001,3820347.0,2778495.0,1.3750,0.1719
drazin,julia,dgmres,similarity_singular/k3,similarity_singular/ncore040_k3_n00000043,43,1849,1002,3904042.5,2747432.0,1.4210,0.1776
drazin,julia,dgmres,similarity_singular/k4,similarity_singular/ncore040_k4_n00000044,44,1936,1000,3124775.5,3466662.0,0.9014,0.1127
drazin,julia,dgmres,similarity_singular/k4,similarity_singular/ncore040_k4_n00000044,44,1936,1001,3241780.5,3420002.0,0.9479,0.1185
drazin,julia,dgmres,similarity_singular/k4,similarity_singular/ncore040_k4_n00000044,44,1936,1002,3236105.0,3319807.5,0.9748,0.1218
drazin,julia,dgmres,blockdiag_high_index_singular/k5,blockdiag_high_index_singular/ncore040_k5_n00000045,45,1604,1000,4794217.0,3558212.0,1.3474,0.1684
drazin,julia,dgmres,blockdiag_high_index_singular/k5,blockdiag_high_index_singular/ncore040_k5_n00000045,45,1604,1001,5185161.5,3466087.0,1.4960,0.1870
drazin,julia,dgmres,blockdiag_high_index_singular/k5,blockdiag_high_index_singular/ncore040_k5_n00000045,45,1604,1002,5190356.0,3450938.0,1.5040,0.1880
drazin,julia,dgmres,sparse_block_singular,sparse_block_singular/n00000103,103,300,12345,2003956.0,2360678.5,0.8489,0.1061
drazin,julia,dgmres,sparse_block_singular,sparse_block_singular/n00000503,503,1500,12345,8692328.5,10209418.5,0.8514,0.1064
drazin,julia,dgmres,similarity_singular/k3,similarity_singular/ncore997_k3_n00001000,1000,1000000,1000,7923740088.5,9865045521.0,0.8032,0.1004
drazin,julia,gmres,illcond_block_singular/k2,illcond_block_singular/ncore040_k2_n00000042,42,1601,1000,4106099.0,4833718.5,0.8495,0.1062
drazin,julia,gmres,illcond_block_singular/k2,illcond_block_singular/ncore040_k2_n00000042,42,1601,1001,3592088.5,4670519.0,0.7691,0.0961
drazin,julia,gmres,illcond_block_singular/k2,illcond_block_singular/ncore040_k2_n00000042,42,1601,1002,3795642.5,5041534.0,0.7529,0.0941
drazin,julia,gmres,coupled_singular/k3,coupled_singular/ncore040_k3_n00000043,43,1722,1000,828545.0,997586.5,0.8305,0.1038
drazin,julia,gmres,coupled_singular/k3,coupled_singular/ncore040_k3_n00000043,43,1722,1001,984580.5,1214092.5,0.8110,0.1014
drazin,julia,gmres,coupled_singular/k3,coupled_singular/ncore040_k3_n00000043,43,1722,1002,754324.0,1062339.5,0.7101,0.0888
drazin,julia,gmres,similarity_singular/k3,similarity_singular/ncore040_k3_n00000043,43,1849,1000,835422.5,902413.0,0.9258,0.1157
drazin,julia,gmres,similarity_singular/k3,similarity_singular/ncore040_k3_n00000043,43,1849,1001,747933.5,1068876.0,0.6997,0.0875
drazin,julia,gmres,similarity_singular/k3,similarity_singular/ncore040_k3_n00000043,43,1849,1002,853011.5,817562.0,1.0434,0.1304
drazin,julia,gmres,similarity_singular/k4,similarity_singular/ncore040_k4_n00000044,44,1936,1000,1270081.5,1079450.5,1.1766,0.1471
drazin,julia,gmres,similarity_singular/k4,similarity_singular/ncore040_k4_n00000044,44,1936,1001,1341640.5,1074713.5,1.2484,0.1560
drazin,julia,gmres,similarity_singular/k4,similarity_singular/ncore040_k4_n00000044,44,1936,1002,1725079.0,1261112.0,1.3679,0.1710
drazin,julia,gmres,blockdiag_high_index_singular/k5,blockdiag_high_index_singular/ncore040_k5_n00000045,45,1604,1000,964064.5,1173202.0,0.8217,0.1027
drazin,julia,gmres,blockdiag_high_index_singular/k5,blockdiag_high_index_singular/ncore040_k5_n00000045,45,1604,1001,969066.5,1198542.0,0.8085,0.1011
drazin,julia,gmres,blockdiag_high_index_singular/k5,blockdiag_high_index_singular/ncore040_k5_n00000045,45,1604,1002,1165204.5,1206199.5,0.9660,0.1208
drazin,julia,gmres,sparse_block_singular,sparse_block_singular/n00000103,103,300,12345,15084232.0,12584470.5,1.1986,0.1498
drazin,julia,gmres,sparse_block_singular,sparse_block_singular/n00000503,503,1500,12345,21230649.0,23396443.5,0.9074,0.1134
drazin,julia,gmres,similarity_singular/k3,similarity_singular/ncore997_k3_n00001000,1000,1000000,1000,175334161.5,124887143.5,1.4039,0.1755
drazin,python,dgmres,illcond_block_singular/k2,illcond_block_singular/ncore040_k2_n00000042,42,1601,1000,2671750.5,2696513.0,0.9908,0.1239
drazin,python,dgmres,illcond_block_singular/k2,illcond_block_singular/ncore040_k2_n00000042,42,1601,1001,2523240.5,2534164.5,0.9957,0.1245
drazin,python,dgmres,illcond_block_singular/k2,illcond_block_singular/ncore040_k2_n00000042,42,1601,1002,2535683.0,2510430.5,1.0101,0.1263
drazin,python,dgmres,coupled_singular/k3,coupled_singular/ncore040_k3_n00000043,43,1722,1000,4700223.0,4670676.0,1.0063,0.1258
drazin,python,dgmres,coupled_singular/k3,coupled_singular/ncore040_k3_n00000043,43,1722,1001,4698707.0,4655214.0,1.0093,0.1262
drazin,python,dgmres,coupled_singular/k3,coupled_singular/ncore040_k3_n00000043,43,1722,1002,4708388.0,4661813.0,1.0100,0.1262
drazin,python,dgmres,similarity_singular/k3,similarity_singular/ncore040_k3_n00000043,43,1849,1000,4730400.0,4715175.5,1.0032,0.1254
drazin,python,dgmres,similarity_singular/k3,similarity_singular/ncore040_k3_n00000043,43,1849,1001,4710519.5,4677107.0,1.0071,0.1259
drazin,python,dgmres,similarity_singular/k3,similarity_singular/ncore040_k3_n00000043,43,1849,1002,4689771.5,4703738.0,0.9970,0.1246
drazin,python,dgmres,similarity_singular/k4,similarity_singular/ncore040_k4_n00000044,44,1936,1000,5052552.0,5156575.0,0.9798,0.1225
drazin,python,dgmres,similarity_singular/k4,similarity_singular/ncore040_k4_n00000044,44,1936,1001,4985940.0,5156852.5,0.9669,0.1209
drazin,python,dgmres,similarity_singular/k4,similarity_singular/ncore040_k4_n00000044,44,1936,1002,4954237.0,5110997.0,0.9693,0.1212
drazin,python,dgmres,blockdiag_high_index_singular/k5,blockdiag_high_index_singular/ncore040_k5_n00000045,45,1604,1000,9982037.0,5237633.0,1.9058,0.2382
drazin,python,dgmres,blockdiag_high_index_singular/k5,blockdiag_high_index_singular/ncore040_k5_n00000045,45,1604,1001,7403788.0,5231290.0,1.4153,0.1769
drazin,python,dgmres,blockdiag_high_index_singular/k5,blockdiag_high_index_singular/ncore040_k5_n00000045,45,1604,1002,7450993.5,5229280.0,1.4249,0.1781
drazin,python,dgmres,sparse_block_singular,sparse_block_singular/n00000103,103,300,12345,4507881.5,4891555.0,0.9216,0.1152
drazin,python,dgmres,sparse_block_singular,sparse_block_singular/n00000503,503,1500,12345,8227426.5,9456081.0,0.8701,0.1088
drazin,python,dgmres,similarity_singular/k3,similarity_singular/ncore997_k3_n00001000,1000,1000000,1000,4191824170.5,4993283240.5,0.8395,0.1049
drazin,python,gmres,illcond_block_singular/k2,illcond_block_singular/ncore040_k2_n00000042,42,1601,1000,11606252.5,11685791.0,0.9932,0.1241
drazin,python,gmres,illcond_block_singular/k2,illcond_block_singular/ncore040_k2_n00000042,42,1601,1001,10930034.5,11052264.5,0.9889,0.1236
drazin,python,gmres,illcond_block_singular/k2,illcond_block_singular/ncore040_k2_n00000042,42,1601,1002,11016150.5,11129002.5,0.9899,0.1237
drazin,python,gmres,coupled_singular/k3,coupled_singular/ncore040_k3_n00000043,43,1722,1000,4232525.5,4317829.5,0.9802,0.1225
drazin,python,gmres,coupled_singular/k3,coupled_singular/ncore040_k3_n00000043,43,1722,1001,4277008.5,4263951.5,1.0031,0.1254
drazin,python,gmres,coupled_singular/k3,coupled_singular/ncore040_k3_n00000043,43,1722,1002,4027089.5,4031166.0,0.9990,0.1249
drazin,python,gmres,similarity_singular/k3,similarity_singular/ncore040_k3_n00000043,43,1849,1000,4150356.0,4133586.0,1.0041,0.1255
drazin,python,gmres,similarity_singular/k3,similarity_singular/ncore040_k3_n00000043,43,1849,1001,4005361.5,3917091.5,1.0225,0.1278
drazin,python,gmres,similarity_singular/k3,similarity_singular/ncore040_k3_n00000043,43,1849,1002,3955265.5,3928004.0,1.0069,0.1259
drazin,python,gmres,similarity_singular/k4,similarity_singular/ncore040_k4_n00000044,44,1936,1000,4204595.5,4153634.0,1.0123,0.1265
drazin,python,gmres,similarity_singular/k4,similarity_singular/ncore040_k4_n00000044,44,1936,1001,4443887.0,4399312.5,1.0101,0.1263
drazin,python,gmres,similarity_singular/k4,similarity_singular/ncore040_k4_n00000044,44,1936,1002,4417868.5,4309773.5,1.0251,0.1281
drazin,python,gmres,blockdiag_high_index_singular/k5,blockdiag_high_index_singular/ncore040_k5_n00000045,45,1604,1000,4376267.0,4381617.0,0.9988,0.1248
drazin,python,gmres,blockdiag_high_index_singular/k5,blockdiag_high_index_singular/ncore040_k5_n00000045,45,1604,1001,4570323.0,4586030.0,0.9966,0.1246
drazin,python,gmres,blockdiag_high_index_singular/k5,blockdiag_high_index_singular/ncore040_k5_n00000045,45,1604,1002,4601093.0,4613355.5,0.9973,0.1247
drazin,python,gmres,sparse_block_singular,sparse_block_singular/n00000103,103,300,12345,39042642.0,40765777.0,0.9577,0.1197
drazin,python,gmres,sparse_block_singular,sparse_block_singular/n00000503,503,1500,12345,64399952.0,60889903.0,1.0576,0.1322
drazin,python,gmres,similarity_singular/k3,similarity_singular/ncore997_k3_n00001000,1000,1000000,1000,116640013.5,117319213.0,0.9942,0.1243
spd,julia,cg,laplacian_1d_spd,laplacian_1d_spd/n00000100,100,298,0,39224.5,37259.0,1.0528,0.1316
spd,julia,cg,varied_cond_spd/kappa2e0,varied_cond_spd/kappa2e0_n00000200,200,40000,1000,1069734.5,1435851.5,0.7450,0.0931
spd,julia,cg,varied_cond_spd/kappa2e0,varied_cond_spd/kappa2e0_n00000200,200,40000,1001,1602178.5,1466073.0,1.0928,0.1366
spd,julia,cg,varied_cond_spd/kappa2e0,varied_cond_spd/kappa2e0_n00000200,200,40000,1002,1409796.0,1443839.5,0.9764,0.1221
spd,julia,cg,varied_cond_spd/kappa4e0,varied_cond_spd/kappa4e0_n00000200,200,40000,1000,2384308.5,3092935.0,0.7709,0.0964
spd,julia,cg,varied_cond_spd/kappa4e0,varied_cond_spd/kappa4e0_n00000200,200,40000,1001,2418093.5,3058469.5,0.7906,0.0988
spd,julia,cg,varied_cond_spd/kappa4e0,varied_cond_spd/kappa4e0_n00000200,200,40000,1002,2398795.5,2442414.5,0.9821,0.1228
spd,julia,cg,varied_cond_spd/kappa6e0,varied_cond_spd/kappa6e0_n00000200,200,40000,1000,3083469.0,2429903.0,1.2690,0.1586
spd,julia,cg,varied_cond_spd/kappa6e0,varied_cond_spd/kappa6e0_n00000200,200,40000,1001,2418717.0,2421114.0,0.9990,0.1249
spd,julia,cg,varied_cond_spd/kappa6e0,varied_cond_spd/kappa6e0_n00000200,200,40000,1002,3047921.5,2417501.0,1.2608,0.1576
spd,julia,cg,laplacian_2d_spd,laplacian_2d_spd/m020_n00000400,400,1920,1000,149130.5,120784.0,1.2347,0.1543
spd,julia,cg,laplacian_2d_spd,laplacian_2d_spd/m020_n00000400,400,1920,1001,148799.5,131119.0,1.1348,0.1419
spd,julia,cg,laplacian_2d_spd,laplacian_2d_spd/m020_n00000400,400,1920,1002,155233.0,121924.0,1.2732,0.1591
spd,julia,cg,laplacian_1d_spd,laplacian_1d_spd/n00000500,500,1498,0,975829.5,1043001.0,0.9356,0.1169
spd,julia,cg,varied_cond_spd/kappa4e0,varied_cond_spd/kappa4e0_n00000500,500,250000,1000,36333620.0,49751453.5,0.7303,0.0913
spd,julia,cg,varied_cond_spd/kappa4e0,varied_cond_spd/kappa4e0_n00000500,500,250000,1001,36436490.5,35588969.0,1.0238,0.1280
spd,julia,cg,varied_cond_spd/kappa4e0,varied_cond_spd/kappa4e0_n00000500,500,250000,1002,35332204.5,35381394.0,0.9986,0.1248
spd,julia,cg,laplacian_3d_spd,laplacian_3d_spd/m008_n00000512,512,3200,1000,125675.5,147704.0,0.8509,0.1064
spd,julia,cg,laplacian_3d_spd,laplacian_3d_spd/m008_n00000512,512,3200,1001,114259.5,163880.0,0.6972,0.0872
spd,julia,cg,laplacian_3d_spd,laplacian_3d_spd/m008_n00000512,512,3200,1002,117436.0,120558.0,0.9741,0.1218
spd,julia,cg,anisotropic_2d_spd/eps0p01,anisotropic_2d_spd/eps0p01_n00000576,576,2784,1000,367228.5,608021.5,0.6040,0.0755
spd,julia,cg,anisotropic_2d_spd/eps0p01,anisotropic_2d_spd/eps0p01_n00000576,576,2784,1001,358037.0,483644.5,0.7403,0.0925
spd,julia,cg,anisotropic_2d_spd/eps0p01,anisotropic_2d_spd/eps0p01_n00000576,576,2784,1002,360355.5,484206.0,0.7442,0.0930
spd,julia,cg,anisotropic_2d_spd/eps0p1,anisotropic_2d_spd/eps0p1_n00000576,576,2784,1000,358993.0,368618.0,0.9739,0.1217
spd,julia,cg,anisotropic_2d_spd/eps0p1,anisotropic_2d_spd/eps0p1_n00000576,576,2784,1001,334153.0,296329.0,1.1276,0.1410
spd,julia,cg,anisotropic_2d_spd/eps0p1,anisotropic_2d_spd/eps0p1_n00000576,576,2784,1002,322276.0,293259.5,1.0989,0.1374
spd,julia,cg,suitesparse_spd/HB_nos3,suitesparse_spd/HB_nos3_n00000960,960,15844,1000,2113753.0,2835718.5,0.7454,0.0932
spd,julia,cg,suitesparse_spd/HB_nos3,suitesparse_spd/HB_nos3_n00000960,960,15844,1001,3002794.0,2892565.5,1.0381,0.1298
spd,julia,cg,suitesparse_spd/HB_nos3,suitesparse_spd/HB_nos3_n00000960,960,15844,1002,2144962.0,2104373.5,1.0193,0.1274
spd,julia,cg,varied_cond_spd/kappa4e0,varied_cond_spd/kappa4e0_n00001000,1000,1000000,1000,485468562.5,283888258.0,1.7101,0.2138
spd,julia,cg,varied_cond_spd/kappa4e0,varied_cond_spd/kappa4e0_n00001000,1000,1000000,1001,295057820.5,278389719.5,1.0599,0.1325
spd,julia,cg,varied_cond_spd/kappa4e0,varied_cond_spd/kappa4e0_n00001000,1000,1000000,1002,294738704.0,284652113.5,1.0354,0.1294
spd,julia,cg,laplacian_2d_spd,laplacian_2d_spd/m032_n00001024,1024,4992,1000,490257.0,477911.0,1.0258,0.1282
spd,julia,cg,laplacian_2d_spd,laplacian_2d_spd/m032_n00001024,1024,4992,1001,478459.0,458674.0,1.0431,0.1304
spd,julia,cg,laplacian_2d_spd,laplacian_2d_spd/m032_n00001024,1024,4992,1002,493121.0,454264.0,1.0855,0.1357
spd,julia,cg,suitesparse_spd/HB_1138_bus,suitesparse_spd/HB_1138_bus_n00001138,1138,4054,1000,5591959.0,5368912.0,1.0415,0.1302
spd,julia,cg,suitesparse_spd/HB_1138_bus,suitesparse_spd/HB_1138_bus_n00001138,1138,4054,1001,6393769.5,5177810.0,1.2348,0.1544
spd,julia,cg,suitesparse_spd/HB_1138_bus,suitesparse_spd/HB_1138_bus_n00001138,1138,4054,1002,5600935.5,5381726.0,1.0407,0.1301
spd,julia,cg,laplacian_3d_spd,laplacian_3d_spd/m012_n00001728,1728,11232,1000,616611.0,444854.5,1.3861,0.1733
spd,julia,cg,laplacian_3d_spd,laplacian_3d_spd/m012_n00001728,1728,11232,1001,618067.5,410586.5,1.5053,0.1882
spd,julia,cg,laplacian_3d_spd,laplacian_3d_spd/m012_n00001728,1728,11232,1002,625898.5,430944.0,1.4524,0.1815
spd,julia,cg,suitesparse_spd/HB_bcsstk14,suitesparse_spd/HB_bcsstk14_n00001806,1806,63454,1000,46349306.0,46569151.0,0.9953,0.1244
spd,julia,cg,suitesparse_spd/HB_bcsstk14,suitesparse_spd/HB_bcsstk14_n00001806,1806,63454,1001,46438480.5,46038344.0,1.0087,0.1261
spd,julia,cg,suitesparse_spd/HB_bcsstk14,suitesparse_spd/HB_bcsstk14_n00001806,1806,63454,1002,47012531.5,57044544.5,0.8241,0.1030
spd,julia,cg,laplacian_2d_spd,laplacian_2d_spd/m064_n00004096,4096,20224,1000,7327713.5,4573209.0,1.6023,0.2003
spd,julia,cg,laplacian_2d_spd,laplacian_2d_spd/m064_n00004096,4096,20224,1001,5583082.5,4555663.5,1.2255,0.1532
spd,julia,cg,laplacian_2d_spd,laplacian_2d_spd/m064_n00004096,4096,20224,1002,7001961.0,4346403.5,1.6110,0.2014
spd,julia,cg,suitesparse_spd/HB_bcsstk16,suitesparse_spd/HB_bcsstk16_n00004884,4884,290378,1000,53242255.5,63457577.5,0.8390,0.1049
spd,julia,cg,suitesparse_spd/HB_bcsstk16,suitesparse_spd/HB_bcsstk16_n00004884,4884,290378,1001,53684647.0,54069324.0,0.9929,0.1241
spd,julia,cg,suitesparse_spd/HB_bcsstk16,suitesparse_spd/HB_bcsstk16_n00004884,4884,290378,1002,53448106.5,70384287.0,0.7594,0.0949
spd,julia,cg,anisotropic_2d_spd/eps0p1,anisotropic_2d_spd/eps0p1_n00005041,5041,24921,1000,8345878.5,8922666.5,0.9354,0.1169
spd,julia,cg,anisotropic_2d_spd/eps0p1,anisotropic_2d_spd/eps0p1_n00005041,5041,24921,1001,9049679.5,8809976.0,1.0272,0.1284
spd,julia,cg,anisotropic_2d_spd/eps0p1,anisotropic_2d_spd/eps0p1_n00005041,5041,24921,1002,8331649.0,8394724.5,0.9925,0.1241
spd,julia,cg,laplacian_2d_spd,laplacian_2d_spd/m071_n00005041,5041,24921,1000,6485953.0,6449212.5,1.0057,0.1257
spd,julia,cg,laplacian_2d_spd,laplacian_2d_spd/m071_n00005041,5041,24921,1001,6077892.5,5893862.5,1.0312,0.1289
spd,julia,cg,laplacian_2d_spd,laplacian_2d_spd/m071_n00005041,5041,24921,1002,6089305.0,5753297.0,1.0584,0.1323
spd,julia,cg,laplacian_3d_spd,laplacian_3d_spd/m020_n00008000,8000,53600,1000,3592039.5,4368552.0,0.8222,0.1028
spd,julia,cg,laplacian_3d_spd,laplacian_3d_spd/m020_n00008000,8000,53600,1001,3873598.5,3606398.5,1.0741,0.1343
spd,julia,cg,laplacian_3d_spd,laplacian_3d_spd/m020_n00008000,8000,53600,1002,3287382.5,3743116.5,0.8782,0.1098
spd,julia,cg,laplacian_2d_spd,laplacian_2d_spd/m096_n00009216,9216,45696,1000,15036553.5,14504064.5,1.0367,0.1296
spd,julia,cg,laplacian_2d_spd,laplacian_2d_spd/m096_n00009216,9216,45696,1001,14682740.5,14943702.0,0.9825,0.1228
spd,julia,cg,laplacian_2d_spd,laplacian_2d_spd/m096_n00009216,9216,45696,1002,14398298.0,14656890.5,0.9824,0.1228
spd,julia,cg,anisotropic_2d_spd/eps0p1,anisotropic_2d_spd/eps0p1_n00010000,10000,49600,1000,22353681.5,22239213.0,1.0051,0.1256
spd,julia,cg,anisotropic_2d_spd/eps0p1,anisotropic_2d_spd/eps0p1_n00010000,10000,49600,1001,22102512.5,21847559.0,1.0117,0.1265
spd,julia,cg,anisotropic_2d_spd/eps0p1,anisotropic_2d_spd/eps0p1_n00010000,10000,49600,1002,22706219.0,20988452.5,1.0818,0.1352
spd,julia,cg,laplacian_2d_spd,laplacian_2d_spd/m100_n00010000,10000,49600,1000,16326432.0,16121357.5,1.0127,0.1266
spd,julia,cg,laplacian_2d_spd,laplacian_2d_spd/m100_n00010000,10000,49600,1001,16854925.5,15488340.5,1.0882,0.1360
spd,julia,cg,laplacian_2d_spd,laplacian_2d_spd/m100_n00010000,10000,49600,1002,17545884.0,16194770.5,1.0834,0.1354
spd,julia,cg,suitesparse_spd/Pothen_bodyy4,suitesparse_spd/Pothen_bodyy4_n00017546,17546,121938,1000,26081671.5,39538875.5,0.6596,0.0825
spd,julia,cg,suitesparse_spd/Pothen_bodyy4,suitesparse_spd/Pothen_bodyy4_n00017546,17546,121938,1001,28999642.0,36974926.5,0.7843,0.0980
spd,julia,cg,suitesparse_spd/Pothen_bodyy4,suitesparse_spd/Pothen_bodyy4_n00017546,17546,121938,1002,26856860.0,37129680.0,0.7233,0.0904
spd,julia,cg,laplacian_2d_spd,laplacian_2d_spd/m158_n00024964,24964,124188,1000,60352360.0,114032314.0,0.5293,0.0662
spd,julia,cg,laplacian_3d_spd,laplacian_3d_spd/m030_n00027000,27000,183600,1000,21371816.5,30741253.0,0.6952,0.0869
spd,julia,cg,laplacian_2d_spd,laplacian_2d_spd/m224_n00050176,50176,249984,1000,240410101.5,247981526.5,0.9695,0.1212
spd,julia,pcg_ic0,laplacian_1d_spd,laplacian_1d_spd/n00000100,100,298,0,2124.0,2048.5,1.0369,0.1296
spd,julia,pcg_ic0,varied_cond_spd/kappa2e0,varied_cond_spd/kappa2e0_n00000200,200,40000,1000,66044.0,73430.0,0.8994,0.1124
spd,julia,pcg_ic0,varied_cond_spd/kappa2e0,varied_cond_spd/kappa2e0_n00000200,200,40000,1001,65673.0,73065.5,0.8988,0.1124
spd,julia,pcg_ic0,varied_cond_spd/kappa2e0,varied_cond_spd/kappa2e0_n00000200,200,40000,1002,67078.0,71737.5,0.9350,0.1169
spd,julia,pcg_ic0,varied_cond_spd/kappa4e0,varied_cond_spd/kappa4e0_n00000200,200,40000,1000,68507.0,72900.5,0.9397,0.1175
spd,julia,pcg_ic0,varied_cond_spd/kappa4e0,varied_cond_spd/kappa4e0_n00000200,200,40000,1001,68854.5,72815.0,0.9456,0.1182
spd,julia,pcg_ic0,varied_cond_spd/kappa4e0,varied_cond_spd/kappa4e0_n00000200,200,40000,1002,70560.5,71524.0,0.9865,0.1233
spd,julia,pcg_ic0,varied_cond_spd/kappa6e0,varied_cond_spd/kappa6e0_n00000200,200,40000,1000,68919.0,75844.5,0.9087,0.1136
spd,julia,pcg_ic0,varied_cond_spd/kappa6e0,varied_cond_spd/kappa6e0_n00000200,200,40000,1001,68227.0,72755.0,0.9378,0.1172
spd,julia,pcg_ic0,varied_cond_spd/kappa6e0,varied_cond_spd/kappa6e0_n00000200,200,40000,1002,68004.0,66309.0,1.0256,0.1282
spd,julia,pcg_ic0,laplacian_2d_spd,laplacian_2d_spd/m020_n00000400,400,1920,1000,141347.5,173893.0,0.8128,0.1016
spd,julia,pcg_ic0,laplacian_2d_spd,laplacian_2d_spd/m020_n00000400,400,1920,1001,139378.5,154218.0,0.9038,0.1130
spd,julia,pcg_ic0,laplacian_2d_spd,laplacian_2d_spd/m020_n00000400,400,1920,1002,141076.0,151483.0,0.9313,0.1164
spd,julia,pcg_ic0,laplacian_1d_spd,laplacian_1d_spd/n00000500,500,1498,0,10524.0,10773.5,0.9768,0.1221
spd,julia,pcg_ic0,varied_cond_spd/kappa4e0,varied_cond_spd/kappa4e0_n00000500,500,250000,1000,407689.0,492271.5,0.8282,0.1035
spd,julia,pcg_ic0,varied_cond_spd/kappa4e0,varied_cond_spd/kappa4e0_n00000500,500,250000,1001,417171.0,516185.5,0.8082,0.1010
spd,julia,pcg_ic0,varied_cond_spd/kappa4e0,varied_cond_spd/kappa4e0_n00000500,500,250000,1002,395313.0,609907.5,0.6482,0.0810
spd,julia,pcg_ic0,laplacian_3d_spd,laplacian_3d_spd/m008_n00000512,512,3200,1000,123166.0,128668.5,0.9572,0.1197
spd,julia,pcg_ic0,laplacian_3d_spd,laplacian_3d_spd/m008_n00000512,512,3200,1001,115001.5,113894.0,1.0097,0.1262
spd,julia,pcg_ic0,laplacian_3d_spd,laplacian_3d_spd/m008_n00000512,512,3200,1002,113834.0,111224.5,1.0235,0.1279
spd,julia,pcg_ic0,anisotropic_2d_spd/eps0p01,anisotropic_2d_spd/eps0p01_n00000576,576,2784,1000,118121.0,191027.5,0.6183,0.0773
spd,julia,pcg_ic0,anisotropic_2d_spd/eps0p01,anisotropic_2d_spd/eps0p01_n00000576,576,2784,1001,118031.5,204879.0,0.5761,0.0720
spd,julia,pcg_ic0,anisotropic_2d_spd/eps0p01,anisotropic_2d_spd/eps0p01_n00000576,576,2784,1002,127369.5,180519.5,0.7056,0.0882
spd,julia,pcg_ic0,anisotropic_2d_spd/eps0p1,anisotropic_2d_spd/eps0p1_n00000576,576,2784,1000,211041.5,253165.0,0.8336,0.1042
spd,julia,pcg_ic0,anisotropic_2d_spd/eps0p1,anisotropic_2d_spd/eps0p1_n00000576,576,2784,1001,209388.5,214214.0,0.9775,0.1222
spd,julia,pcg_ic0,anisotropic_2d_spd/eps0p1,anisotropic_2d_spd/eps0p1_n00000576,576,2784,1002,212975.5,214419.5,0.9933,0.1242
spd,julia,pcg_ic0,suitesparse_spd/HB_nos3,suitesparse_spd/HB_nos3_n00000960,960,15844,1000,1253111.5,1321050.5,0.9486,0.1186
spd,julia,pcg_ic0,suitesparse_spd/HB_nos3,suitesparse_spd/HB_nos3_n00000960,960,15844,1001,1254288.0,1351585.0,0.9280,0.1160
spd,julia,pcg_ic0,suitesparse_spd/HB_nos3,suitesparse_spd/HB_nos3_n00000960,960,15844,1002,1274646.5,1373275.0,0.9282,0.1160
spd,julia,pcg_ic0,varied_cond_spd/kappa4e0,varied_cond_spd/kappa4e0_n00001000,1000,1000000,1000,1904476.5,1983940.0,0.9599,0.1200
spd,julia,pcg_ic0,varied_cond_spd/kappa4e0,varied_cond_spd/kappa4e0_n00001000,1000,1000000,1001,1919775.5,1914048.5,1.0030,0.1254
spd,julia,pcg_ic0,varied_cond_spd/kappa4e0,varied_cond_spd/kappa4e0_n00001000,1000,1000000,1002,1941115.5,1942838.0,0.9991,0.1249
spd,julia,pcg_ic0,laplacian_2d_spd,laplacian_2d_spd/m032_n00001024,1024,4992,1000,558894.0,552648.0,1.0113,0.1264
spd,julia,pcg_ic0,laplacian_2d_spd,laplacian_2d_spd/m032_n00001024,1024,4992,1001,569196.0,543859.5,1.0466,0.1308
spd,julia,pcg_ic0,laplacian_2d_spd,laplacian_2d_spd/m032_n00001024,1024,4992,1002,550341.5,518948.0,1.0605,0.1326
spd,julia,pcg_ic0,suitesparse_spd/HB_1138_bus,suitesparse_spd/HB_1138_bus_n00001138,1138,4054,1000,2100485.0,3053664.5,0.6879,0.0860
spd,julia,pcg_ic0,suitesparse_spd/HB_1138_bus,suitesparse_spd/HB_1138_bus_n00001138,1138,4054,1001,2400899.5,3513136.5,0.6834,0.0854
spd,julia,pcg_ic0,suitesparse_spd/HB_1138_bus,suitesparse_spd/HB_1138_bus_n00001138,1138,4054,1002,2533403.0,3484801.5,0.7270,0.0909
spd,julia,pcg_ic0,laplacian_3d_spd,laplacian_3d_spd/m012_n00001728,1728,11232,1000,597812.0,560502.5,1.0666,0.1333
spd,julia,pcg_ic0,laplacian_3d_spd,laplacian_3d_spd/m012_n00001728,1728,11232,1001,580637.0,542219.5,1.0709,0.1339
spd,julia,pcg_ic0,laplacian_3d_spd,laplacian_3d_spd/m012_n00001728,1728,11232,1002,581257.0,551102.5,1.0547,0.1318
spd,julia,pcg_ic0,laplacian_2d_spd,laplacian_2d_spd/m064_n00004096,4096,20224,1000,4196725.5,5067324.0,0.8282,0.1035
spd,julia,pcg_ic0,laplacian_2d_spd,laplacian_2d_spd/m064_n00004096,4096,20224,1001,4303708.5,4262204.5,1.0097,0.1262
spd,julia,pcg_ic0,laplacian_2d_spd,laplacian_2d_spd/m064_n00004096,4096,20224,1002,3911725.0,3983138.0,0.9821,0.1228
spd,julia,pcg_ic0,suitesparse_spd/HB_bcsstk16,suitesparse_spd/HB_bcsstk16_n00004884,4884,290378,1000,13096732.0,12979234.0,1.0091,0.1261
spd,julia,pcg_ic0,suitesparse_spd/HB_bcsstk16,suitesparse_spd/HB_bcsstk16_n00004884,4884,290378,1001,12809334.0,12465634.5,1.0276,0.1284
spd,julia,pcg_ic0,suitesparse_spd/HB_bcsstk16,suitesparse_spd/HB_bcsstk16_n00004884,4884,290378,1002,13227056.0,12681440.0,1.0430,0.1304
spd,julia,pcg_ic0,anisotropic_2d_spd/eps0p1,anisotropic_2d_spd/eps0p1_n00005041,5041,24921,1000,5163235.5,5796277.0,0.8908,0.1113
spd,julia,pcg_ic0,anisotropic_2d_spd/eps0p1,anisotropic_2d_spd/eps0p1_n00005041,5041,24921,1001,5147588.5,5271264.5,0.9765,0.1221
spd,julia,pcg_ic0,anisotropic_2d_spd/eps0p1,anisotropic_2d_spd/eps0p1_n00005041,5041,24921,1002,5132011.0,5219074.5,0.9833,0.1229
spd,julia,pcg_ic0,laplacian_2d_spd,laplacian_2d_spd/m071_n00005041,5041,24921,1000,5737313.0,6609896.0,0.8680,0.1085
spd,julia,pcg_ic0,laplacian_2d_spd,laplacian_2d_spd/m071_n00005041,5041,24921,1001,7121063.0,5759751.0,1.2363,0.1545
spd,julia,pcg_ic0,laplacian_2d_spd,laplacian_2d_spd/m071_n00005041,5041,24921,1002,5704012.5,5824040.0,0.9794,0.1224
spd,julia,pcg_ic0,laplacian_3d_spd,laplacian_3d_spd/m020_n00008000,8000,53600,1000,3865226.0,3914335.5,0.9875,0.1234
spd,julia,pcg_ic0,laplacian_3d_spd,laplacian_3d_spd/m020_n00008000,8000,53600,1001,3830720.5,3822973.0,1.0020,0.1253
spd,julia,pcg_ic0,laplacian_3d_spd,laplacian_3d_spd/m020_n00008000,8000,53600,1002,3841962.5,4032021.0,0.9529,0.1191
spd,julia,pcg_ic0,laplacian_2d_spd,laplacian_2d_spd/m096_n00009216,9216,45696,1000,16493904.0,16441045.5,1.0032,0.1254
spd,julia,pcg_ic0,laplacian_2d_spd,laplacian_2d_spd/m096_n00009216,9216,45696,1001,15343579.5,16193433.0,0.9475,0.1184
spd,julia,pcg_ic0,laplacian_2d_spd,laplacian_2d_spd/m096_n00009216,9216,45696,1002,15150694.5,16021299.5,0.9457,0.1182
spd,julia,pcg_ic0,anisotropic_2d_spd/eps0p1,anisotropic_2d_spd/eps0p1_n00010000,10000,49600,1000,17353827.0,17311583.0,1.0024,0.1253
spd,julia,pcg_ic0,anisotropic_2d_spd/eps0p1,anisotropic_2d_spd/eps0p1_n00010000,10000,49600,1001,14390658.5,17194104.0,0.8370,0.1046
spd,julia,pcg_ic0,anisotropic_2d_spd/eps0p1,anisotropic_2d_spd/eps0p1_n00010000,10000,49600,1002,16083534.5,16369732.5,0.9825,0.1228
spd,julia,pcg_ic0,laplacian_2d_spd,laplacian_2d_spd/m100_n00010000,10000,49600,1000,23330702.0,18846349.5,1.2379,0.1547
spd,julia,pcg_ic0,laplacian_2d_spd,laplacian_2d_spd/m100_n00010000,10000,49600,1001,21184089.0,17146515.0,1.2355,0.1544
spd,julia,pcg_ic0,laplacian_2d_spd,laplacian_2d_spd/m100_n00010000,10000,49600,1002,20095318.0,17371821.0,1.1568,0.1446
spd,julia,pcg_ic0,suitesparse_spd/Pothen_bodyy4,suitesparse_spd/Pothen_bodyy4_n00017546,17546,121938,1000,10484737.5,12816822.0,0.8180,0.1023
spd,julia,pcg_ic0,suitesparse_spd/Pothen_bodyy4,suitesparse_spd/Pothen_bodyy4_n00017546,17546,121938,1001,10013687.0,13184528.5,0.7595,0.0949
spd,julia,pcg_ic0,suitesparse_spd/Pothen_bodyy4,suitesparse_spd/Pothen_bodyy4_n00017546,17546,121938,1002,9314989.5,12867704.0,0.7239,0.0905
spd,julia,pcg_ic0,laplacian_2d_spd,laplacian_2d_spd/m158_n00024964,24964,124188,1000,70690519.0,103372892.0,0.6838,0.0855
spd,julia,pcg_ic0,laplacian_3d_spd,laplacian_3d_spd/m030_n00027000,27000,183600,1000,22878246.0,23679141.5,0.9662,0.1208
spd,julia,pcg_ic0,laplacian_2d_spd,laplacian_2d_spd/m224_n00050176,50176,249984,1000,274330319.0,251478569.5,1.0909,0.1364
spd,julia,pcg_jacobi,laplacian_1d_spd,laplacian_1d_spd/n00000100,100,298,0,36303.0,50285.5,0.7219,0.0902
spd,julia,pcg_jacobi,varied_cond_spd/kappa2e0,varied_cond_spd/kappa2e0_n00000200,200,40000,1000,1341981.0,1307802.5,1.0261,0.1283
spd,julia,pcg_jacobi,varied_cond_spd/kappa2e0,varied_cond_spd/kappa2e0_n00000200,200,40000,1001,1051936.0,1306699.5,0.8050,0.1006
spd,julia,pcg_jacobi,varied_cond_spd/kappa2e0,varied_cond_spd/kappa2e0_n00000200,200,40000,1002,1079123.5,1318528.5,0.8184,0.1023
spd,julia,pcg_jacobi,varied_cond_spd/kappa4e0,varied_cond_spd/kappa4e0_n00000200,200,40000,1000,2739501.5,2361822.5,1.1599,0.1450
spd,julia,pcg_jacobi,varied_cond_spd/kappa4e0,varied_cond_spd/kappa4e0_n00000200,200,40000,1001,2717251.5,2382565.0,1.1405,0.1426
spd,julia,pcg_jacobi,varied_cond_spd/kappa4e0,varied_cond_spd/kappa4e0_n00000200,200,40000,1002,2687429.0,2365356.0,1.1362,0.1420
spd,julia,pcg_jacobi,varied_cond_spd/kappa6e0,varied_cond_spd/kappa6e0_n00000200,200,40000,1000,2418424.5,2422524.0,0.9983,0.1248
spd,julia,pcg_jacobi,varied_cond_spd/kappa6e0,varied_cond_spd/kappa6e0_n00000200,200,40000,1001,2405568.0,2420710.0,0.9937,0.1242
spd,julia,pcg_jacobi,varied_cond_spd/kappa6e0,varied_cond_spd/kappa6e0_n00000200,200,40000,1002,2404977.5,2397203.0,1.0032,0.1254
spd,julia,pcg_jacobi,laplacian_2d_spd,laplacian_2d_spd/m020_n00000400,400,1920,1000,115840.0,120007.5,0.9653,0.1207
spd,julia,pcg_jacobi,laplacian_2d_spd,laplacian_2d_spd/m020_n00000400,400,1920,1001,118262.5,117885.5,1.0032,0.1254
spd,julia,pcg_jacobi,laplacian_2d_spd,laplacian_2d_spd/m020_n00000400,400,1920,1002,117682.0,131171.5,0.8972,0.1121
spd,julia,pcg_jacobi,laplacian_1d_spd,laplacian_1d_spd/n00000500,500,1498,0,974866.5,1120000.0,0.8704,0.1088
spd,julia,pcg_jacobi,varied_cond_spd/kappa4e0,varied_cond_spd/kappa4e0_n00000500,500,250000,1000,36636486.5,45551822.0,0.8043,0.1005
spd,julia,pcg_jacobi,varied_cond_spd/kappa4e0,varied_cond_spd/kappa4e0_n00000500,500,250000,1001,36665170.0,38978145.0,0.9407,0.1176
spd,julia,pcg_jacobi,varied_cond_spd/kappa4e0,varied_cond_spd/kappa4e0_n00000500,500,250000,1002,36728949.0,39367154.5,0.9330,0.1166
spd,julia,pcg_jacobi,laplacian_3d_spd,laplacian_3d_spd/m008_n00000512,512,3200,1000,91693.5,111360.5,0.8234,0.1029
spd,julia,pcg_jacobi,laplacian_3d_spd,laplacian_3d_spd/m008_n00000512,512,3200,1001,99600.0,92007.0,1.0825,0.1353
spd,julia,pcg_jacobi,laplacian_3d_spd,laplacian_3d_spd/m008_n00000512,512,3200,1002,99145.0,97410.5,1.0178,0.1272
spd,julia,pcg_jacobi,anisotropic_2d_spd/eps0p01,anisotropic_2d_spd/eps0p01_n00000576,576,2784,1000,369161.5,473946.0,0.7789,0.0974
spd,julia,pcg_jacobi,anisotropic_2d_spd/eps0p01,anisotropic_2d_spd/eps0p01_n00000576,576,2784,1001,381763.5,384707.0,0.9923,0.1240
spd,julia,pcg_jacobi,anisotropic_2d_spd/eps0p01,anisotropic_2d_spd/eps0p01_n00000576,576,2784,1002,386157.0,353563.0,1.0922,0.1365
spd,julia,pcg_jacobi,anisotropic_2d_spd/eps0p1,anisotropic_2d_spd/eps0p1_n00000576,576,2784,1000,293544.5,345902.5,0.8486,0.1061
spd,julia,pcg_jacobi,anisotropic_2d_spd/eps0p1,anisotropic_2d_spd/eps0p1_n00000576,576,2784,1001,283763.5,286404.0,0.9908,0.1238
spd,julia,pcg_jacobi,anisotropic_2d_spd/eps0p1,anisotropic_2d_spd/eps0p1_n00000576,576,2784,1002,297064.0,290517.5,1.0225,0.1278
spd,julia,pcg_jacobi,suitesparse_spd/HB_nos3,suitesparse_spd/HB_nos3_n00000960,960,15844,1000,1993405.0,2734186.0,0.7291,0.0911
spd,julia,pcg_jacobi,suitesparse_spd/HB_nos3,suitesparse_spd/HB_nos3_n00000960,960,15844,1001,2446092.0,1875728.5,1.3041,0.1630
spd,julia,pcg_jacobi,suitesparse_spd/HB_nos3,suitesparse_spd/HB_nos3_n00000960,960,15844,1002,2488542.5,1893413.5,1.3143,0.1643
spd,julia,pcg_jacobi,varied_cond_spd/kappa4e0,varied_cond_spd/kappa4e0_n00001000,1000,1000000,1000,277732608.0,285603797.5,0.9724,0.1216
spd,julia,pcg_jacobi,varied_cond_spd/kappa4e0,varied_cond_spd/kappa4e0_n00001000,1000,1000000,1001,278046702.5,325714416.5,0.8537,0.1067
spd,julia,pcg_jacobi,varied_cond_spd/kappa4e0,varied_cond_spd/kappa4e0_n00001000,1000,1000000,1002,291243321.0,469835507.0,0.6199,0.0775
spd,julia,pcg_jacobi,laplacian_2d_spd,laplacian_2d_spd/m032_n00001024,1024,4992,1000,483896.0,540778.5,0.8948,0.1119
spd,julia,pcg_jacobi,laplacian_2d_spd,laplacian_2d_spd/m032_n00001024,1024,4992,1001,475833.0,508478.5,0.9358,0.1170
spd,julia,pcg_jacobi,laplacian_2d_spd,laplacian_2d_spd/m032_n00001024,1024,4992,1002,461778.5,543594.0,0.8495,0.1062
spd,julia,pcg_jacobi,suitesparse_spd/HB_1138_bus,suitesparse_spd/HB_1138_bus_n00001138,1138,4054,1000,5034552.5,6003594.0,0.8386,0.1048
spd,julia,pcg_jacobi,suitesparse_spd/HB_1138_bus,suitesparse_spd/HB_1138_bus_n00001138,1138,4054,1001,4774625.0,5907359.5,0.8083,0.1010
spd,julia,pcg_jacobi,suitesparse_spd/HB_1138_bus,suitesparse_spd/HB_1138_bus_n00001138,1138,4054,1002,4704804.0,7487091.5,0.6284,0.0785
spd,julia,pcg_jacobi,laplacian_3d_spd,laplacian_3d_spd/m012_n00001728,1728,11232,1000,446733.0,478196.5,0.9342,0.1168
spd,julia,pcg_jacobi,laplacian_3d_spd,laplacian_3d_spd/m012_n00001728,1728,11232,1001,440251.5,442755.5,0.9943,0.1243
spd,julia,pcg_jacobi,laplacian_3d_spd,laplacian_3d_spd/m012_n00001728,1728,11232,1002,445366.5,444800.0,1.0013,0.1252
spd,julia,pcg_jacobi,suitesparse_spd/HB_bcsstk14,suitesparse_spd/HB_bcsstk14_n00001806,1806,63454,1000,14514039.0,15185306.0,0.9558,0.1195
spd,julia,pcg_jacobi,suitesparse_spd/HB_bcsstk14,suitesparse_spd/HB_bcsstk14_n00001806,1806,63454,1001,13823984.5,14432884.0,0.9578,0.1197
spd,julia,pcg_jacobi,suitesparse_spd/HB_bcsstk14,suitesparse_spd/HB_bcsstk14_n00001806,1806,63454,1002,13159959.5,14043159.0,0.9371,0.1171
spd,julia,pcg_jacobi,laplacian_2d_spd,laplacian_2d_spd/m064_n00004096,4096,20224,1000,4801909.0,4777723.5,1.0051,0.1256
spd,julia,pcg_jacobi,laplacian_2d_spd,laplacian_2d_spd/m064_n00004096,4096,20224,1001,4667872.0,4505462.5,1.0360,0.1295
spd,julia,pcg_jacobi,laplacian_2d_spd,laplacian_2d_spd/m064_n00004096,4096,20224,1002,3650164.5,4167311.0,0.8759,0.1095
spd,julia,pcg_jacobi,suitesparse_spd/HB_bcsstk16,suitesparse_spd/HB_bcsstk16_n00004884,4884,290378,1000,22195412.0,33759928.5,0.6574,0.0822
spd,julia,pcg_jacobi,suitesparse_spd/HB_bcsstk16,suitesparse_spd/HB_bcsstk16_n00004884,4884,290378,1001,21747356.0,38528189.0,0.5645,0.0706
spd,julia,pcg_jacobi,suitesparse_spd/HB_bcsstk16,suitesparse_spd/HB_bcsstk16_n00004884,4884,290378,1002,21365504.5,46204587.0,0.4624,0.0578
spd,julia,pcg_jacobi,anisotropic_2d_spd/eps0p1,anisotropic_2d_spd/eps0p1_n00005041,5041,24921,1000,8443907.0,9418247.0,0.8965,0.1121
spd,julia,pcg_jacobi,anisotropic_2d_spd/eps0p1,anisotropic_2d_spd/eps0p1_n00005041,5041,24921,1001,8542526.5,8712501.5,0.9805,0.1226
spd,julia,pcg_jacobi,anisotropic_2d_spd/eps0p1,anisotropic_2d_spd/eps0p1_n00005041,5041,24921,1002,8356621.0,8574090.0,0.9746,0.1218
spd,julia,pcg_jacobi,laplacian_2d_spd,laplacian_2d_spd/m071_n00005041,5041,24921,1000,6076701.5,6201976.0,0.9798,0.1225
spd,julia,pcg_jacobi,laplacian_2d_spd,laplacian_2d_spd/m071_n00005041,5041,24921,1001,6111522.5,5777225.5,1.0579,0.1322
spd,julia,pcg_jacobi,laplacian_2d_spd,laplacian_2d_spd/m071_n00005041,5041,24921,1002,6020069.0,5952048.5,1.0114,0.1264
spd,julia,pcg_jacobi,laplacian_3d_spd,laplacian_3d_spd/m020_n00008000,8000,53600,1000,4466520.5,4223127.0,1.0576,0.1322
spd,julia,pcg_jacobi,laplacian_3d_spd,laplacian_3d_spd/m020_n00008000,8000,53600,1001,3762447.5,3440464.0,1.0936,0.1367
spd,julia,pcg_jacobi,laplacian_3d_spd,laplacian_3d_spd/m020_n00008000,8000,53600,1002,3417451.5,3389894.5,1.0081,0.1260
spd,julia,pcg_jacobi,laplacian_2d_spd,laplacian_2d_spd/m096_n00009216,9216,45696,1000,21679744.5,15460020.5,1.4023,0.1753
spd,julia,pcg_jacobi,laplacian_2d_spd,laplacian_2d_spd/m096_n00009216,9216,45696,1001,20196395.0,14610702.0,1.3823,0.1728
spd,julia,pcg_jacobi,laplacian_2d_spd,laplacian_2d_spd/m096_n00009216,9216,45696,1002,19770200.5,14121377.5,1.4000,0.1750
spd,julia,pcg_jacobi,anisotropic_2d_spd/eps0p1,anisotropic_2d_spd/eps0p1_n00010000,10000,49600,1000,22281243.5,22663732.5,0.9831,0.1229
spd,julia,pcg_jacobi,anisotropic_2d_spd/eps0p1,anisotropic_2d_spd/eps0p1_n00010000,10000,49600,1001,21997694.0,21656878.0,1.0157,0.1270
spd,julia,pcg_jacobi,anisotropic_2d_spd/eps0p1,anisotropic_2d_spd/eps0p1_n00010000,10000,49600,1002,21874526.0,23285031.5,0.9394,0.1174
spd,julia,pcg_jacobi,laplacian_2d_spd,laplacian_2d_spd/m100_n00010000,10000,49600,1000,15857648.0,16972818.0,0.9343,0.1168
spd,julia,pcg_jacobi,laplacian_2d_spd,laplacian_2d_spd/m100_n00010000,10000,49600,1001,15602211.0,16069425.0,0.9709,0.1214
spd,julia,pcg_jacobi,laplacian_2d_spd,laplacian_2d_spd/m100_n00010000,10000,49600,1002,15865781.5,16128781.0,0.9837,0.1230
spd,julia,pcg_jacobi,suitesparse_spd/Pothen_bodyy4,suitesparse_spd/Pothen_bodyy4_n00017546,17546,121938,1000,19660205.0,28814387.0,0.6823,0.0853
spd,julia,pcg_jacobi,suitesparse_spd/Pothen_bodyy4,suitesparse_spd/Pothen_bodyy4_n00017546,17546,121938,1001,20897632.0,33190971.0,0.6296,0.0787
spd,julia,pcg_jacobi,suitesparse_spd/Pothen_bodyy4,suitesparse_spd/Pothen_bodyy4_n00017546,17546,121938,1002,19645297.5,33289742.0,0.5901,0.0738
spd,julia,pcg_jacobi,laplacian_2d_spd,laplacian_2d_spd/m158_n00024964,24964,124188,1000,85540782.5,98877598.0,0.8651,0.1081
spd,julia,pcg_jacobi,laplacian_3d_spd,laplacian_3d_spd/m030_n00027000,27000,183600,1000,20380073.0,32473758.0,0.6276,0.0784
spd,julia,pcg_jacobi,laplacian_2d_spd,laplacian_2d_spd/m224_n00050176,50176,249984,1000,255117246.5,261671243.0,0.9750,0.1219
spd,python,cg,laplacian_1d_spd,laplacian_1d_spd/n00000100,100,298,0,556035.5,1667812.5,0.3334,0.0417
spd,python,cg,varied_cond_spd/kappa2e0,varied_cond_spd/kappa2e0_n00000200,200,40000,1000,1668410.5,1693414.5,0.9852,0.1232
spd,python,cg,varied_cond_spd/kappa2e0,varied_cond_spd/kappa2e0_n00000200,200,40000,1001,1677579.5,1703419.5,0.9848,0.1231
spd,python,cg,varied_cond_spd/kappa2e0,varied_cond_spd/kappa2e0_n00000200,200,40000,1002,1669619.5,1703567.5,0.9801,0.1225
spd,python,cg,varied_cond_spd/kappa4e0,varied_cond_spd/kappa4e0_n00000200,200,40000,1000,3841578.0,4077302.0,0.9422,0.1178
spd,python,cg,varied_cond_spd/kappa4e0,varied_cond_spd/kappa4e0_n00000200,200,40000,1001,3854889.0,3907630.5,0.9865,0.1233
spd,python,cg,varied_cond_spd/kappa4e0,varied_cond_spd/kappa4e0_n00000200,200,40000,1002,3852979.0,3956191.0,0.9739,0.1217
spd,python,cg,varied_cond_spd/kappa6e0,varied_cond_spd/kappa6e0_n00000200,200,40000,1000,3909568.5,4329201.0,0.9031,0.1129
spd,python,cg,varied_cond_spd/kappa6e0,varied_cond_spd/kappa6e0_n00000200,200,40000,1001,3916805.5,4314213.5,0.9079,0.1135
spd,python,cg,varied_cond_spd/kappa6e0,varied_cond_spd/kappa6e0_n00000200,200,40000,1002,3907578.5,4438543.0,0.8804,0.1100
spd,python,cg,laplacian_2d_spd,laplacian_2d_spd/m020_n00000400,400,1920,1000,445848.5,507041.5,0.8793,0.1099
spd,python,cg,laplacian_2d_spd,laplacian_2d_spd/m020_n00000400,400,1920,1001,453279.0,512866.0,0.8838,0.1105
spd,python,cg,laplacian_2d_spd,laplacian_2d_spd/m020_n00000400,400,1920,1002,457111.5,490351.5,0.9322,0.1165
spd,python,cg,laplacian_1d_spd,laplacian_1d_spd/n00000500,500,1498,0,3336572.0,3380105.5,0.9871,0.1234
spd,python,cg,varied_cond_spd/kappa4e0,varied_cond_spd/kappa4e0_n00000500,500,250000,1000,51193295.0,51388026.5,0.9962,0.1245
spd,python,cg,varied_cond_spd/kappa4e0,varied_cond_spd/kappa4e0_n00000500,500,250000,1001,51006246.0,51095144.0,0.9983,0.1248
spd,python,cg,varied_cond_spd/kappa4e0,varied_cond_spd/kappa4e0_n00000500,500,250000,1002,51302169.5,51166718.5,1.0026,0.1253
spd,python,cg,laplacian_3d_spd,laplacian_3d_spd/m008_n00000512,512,3200,1000,281359.5,287500.5,0.9786,0.1223
spd,python,cg,laplacian_3d_spd,laplacian_3d_spd/m008_n00000512,512,3200,1001,273525.0,275958.5,0.9912,0.1239
spd,python,cg,laplacian_3d_spd,laplacian_3d_spd/m008_n00000512,512,3200,1002,271450.5,276582.0,0.9814,0.1227
spd,python,cg,anisotropic_2d_spd/eps0p01,anisotropic_2d_spd/eps0p01_n00000576,576,2784,1000,1040384.0,1367213.5,0.7610,0.0951
spd,python,cg,anisotropic_2d_spd/eps0p01,anisotropic_2d_spd/eps0p01_n00000576,576,2784,1001,1052895.5,1235089.0,0.8525,0.1066
spd,python,cg,anisotropic_2d_spd/eps0p01,anisotropic_2d_spd/eps0p01_n00000576,576,2784,1002,1059054.5,1185083.0,0.8937,0.1117
spd,python,cg,anisotropic_2d_spd/eps0p1,anisotropic_2d_spd/eps0p1_n00000576,576,2784,1000,805504.0,959492.0,0.8395,0.1049
spd,python,cg,anisotropic_2d_spd/eps0p1,anisotropic_2d_spd/eps0p1_n00000576,576,2784,1001,800617.5,845404.0,0.9470,0.1184
spd,python,cg,anisotropic_2d_spd/eps0p1,anisotropic_2d_spd/eps0p1_n00000576,576,2784,1002,819453.5,866808.5,0.9454,0.1182
spd,python,cg,suitesparse_spd/HB_nos3,suitesparse_spd/HB_nos3_n00000960,960,15844,1000,3262007.5,3262238.5,0.9999,0.1250
spd,python,cg,suitesparse_spd/HB_nos3,suitesparse_spd/HB_nos3_n00000960,960,15844,1001,3282194.5,3275415.5,1.0021,0.1253
spd,python,cg,suitesparse_spd/HB_nos3,suitesparse_spd/HB_nos3_n00000960,960,15844,1002,3231088.0,3258136.5,0.9917,0.1240
spd,python,cg,varied_cond_spd/kappa4e0,varied_cond_spd/kappa4e0_n00001000,1000,1000000,1000,358966208.5,361370444.0,0.9933,0.1242
spd,python,cg,varied_cond_spd/kappa4e0,varied_cond_spd/kappa4e0_n00001000,1000,1000000,1001,362913915.0,364427098.5,0.9958,0.1245
spd,python,cg,varied_cond_spd/kappa4e0,varied_cond_spd/kappa4e0_n00001000,1000,1000000,1002,363638391.0,362843443.0,1.0022,0.1253
spd,python,cg,laplacian_2d_spd,laplacian_2d_spd/m032_n00001024,1024,4992,1000,886735.5,971598.0,0.9127,0.1141
spd,python,cg,laplacian_2d_spd,laplacian_2d_spd/m032_n00001024,1024,4992,1001,875736.0,934497.5,0.9371,0.1171
spd,python,cg,laplacian_2d_spd,laplacian_2d_spd/m032_n00001024,1024,4992,1002,897724.5,964893.5,0.9304,0.1163
spd,python,cg,suitesparse_spd/HB_1138_bus,suitesparse_spd/HB_1138_bus_n00001138,1138,4054,1000,10420542.0,10132745.5,1.0284,0.1286
spd,python,cg,suitesparse_spd/HB_1138_bus,suitesparse_spd/HB_1138_bus_n00001138,1138,4054,1001,10385841.5,9873616.0,1.0519,0.1315
spd,python,cg,suitesparse_spd/HB_1138_bus,suitesparse_spd/HB_1138_bus_n00001138,1138,4054,1002,10435489.0,9836854.5,1.0609,0.1326
spd,python,cg,laplacian_3d_spd,laplacian_3d_spd/m012_n00001728,1728,11232,1000,713882.0,694252.5,1.0283,0.1285
spd,python,cg,laplacian_3d_spd,laplacian_3d_spd/m012_n00001728,1728,11232,1001,698695.5,712754.5,0.9803,0.1225
spd,python,cg,laplacian_3d_spd,laplacian_3d_spd/m012_n00001728,1728,11232,1002,714996.0,683871.0,1.0455,0.1307
spd,python,cg,suitesparse_spd/HB_bcsstk14,suitesparse_spd/HB_bcsstk14_n00001806,1806,63454,1000,56619350.0,54622103.0,1.0366,0.1296
spd,python,cg,suitesparse_spd/HB_bcsstk14,suitesparse_spd/HB_bcsstk14_n00001806,1806,63454,1001,55769121.5,54857058.0,1.0166,0.1271
spd,python,cg,suitesparse_spd/HB_bcsstk14,suitesparse_spd/HB_bcsstk14_n00001806,1806,63454,1002,55983845.5,55309694.0,1.0122,0.1265
spd,python,cg,laplacian_2d_spd,laplacian_2d_spd/m064_n00004096,4096,20224,1000,3929704.0,3860537.0,1.0179,0.1272
spd,python,cg,laplacian_2d_spd,laplacian_2d_spd/m064_n00004096,4096,20224,1001,3857721.0,3758231.5,1.0265,0.1283
spd,python,cg,laplacian_2d_spd,laplacian_2d_spd/m064_n00004096,4096,20224,1002,3789358.5,3648436.5,1.0386,0.1298
spd,python,cg,suitesparse_spd/HB_bcsstk16,suitesparse_spd/HB_bcsstk16_n00004884,4884,290378,1000,53844404.5,53466646.0,1.0071,0.1259
spd,python,cg,suitesparse_spd/HB_bcsstk16,suitesparse_spd/HB_bcsstk16_n00004884,4884,290378,1001,55227081.0,54275602.5,1.0175,0.1272
spd,python,cg,suitesparse_spd/HB_bcsstk16,suitesparse_spd/HB_bcsstk16_n00004884,4884,290378,1002,54060456.0,54016808.0,1.0008,0.1251
spd,python,cg,anisotropic_2d_spd/eps0p1,anisotropic_2d_spd/eps0p1_n00005041,5041,24921,1000,6987632.0,7257583.5,0.9628,0.1204
spd,python,cg,anisotropic_2d_spd/eps0p1,anisotropic_2d_spd/eps0p1_n00005041,5041,24921,1001,7166875.0,7288743.5,0.9833,0.1229
spd,python,cg,anisotropic_2d_spd/eps0p1,anisotropic_2d_spd/eps0p1_n00005041,5041,24921,1002,7065592.0,7066496.0,0.9999,0.1250
spd,python,cg,laplacian_2d_spd,laplacian_2d_spd/m071_n00005041,5041,24921,1000,5681242.0,5799272.5,0.9796,0.1225
spd,python,cg,laplacian_2d_spd,laplacian_2d_spd/m071_n00005041,5041,24921,1001,4962030.5,5190406.5,0.9560,0.1195
spd,python,cg,laplacian_2d_spd,laplacian_2d_spd/m071_n00005041,5041,24921,1002,4908940.0,5801014.0,0.8462,0.1058
spd,python,cg,laplacian_3d_spd,laplacian_3d_spd/m020_n00008000,8000,53600,1000,3051217.0,3533063.5,0.8636,0.1080
spd,python,cg,laplacian_3d_spd,laplacian_3d_spd/m020_n00008000,8000,53600,1001,3079573.0,3507689.5,0.8779,0.1097
spd,python,cg,laplacian_3d_spd,laplacian_3d_spd/m020_n00008000,8000,53600,1002,3058609.0,3077254.5,0.9939,0.1242
spd,python,cg,laplacian_2d_spd,laplacian_2d_spd/m096_n00009216,9216,45696,1000,10881286.0,10881259.5,1.0000,0.1250
spd,python,cg,laplacian_2d_spd,laplacian_2d_spd/m096_n00009216,9216,45696,1001,10780357.5,12429887.5,0.8673,0.1084
spd,python,cg,laplacian_2d_spd,laplacian_2d_spd/m096_n00009216,9216,45696,1002,10723952.5,10766568.5,0.9960,0.1245
spd,python,cg,anisotropic_2d_spd/eps0p1,anisotropic_2d_spd/eps0p1_n00010000,10000,49600,1000,16602251.5,24037584.5,0.6907,0.0863
spd,python,cg,anisotropic_2d_spd/eps0p1,anisotropic_2d_spd/eps0p1_n00010000,10000,49600,1001,16420606.5,23122869.0,0.7101,0.0888
spd,python,cg,anisotropic_2d_spd/eps0p1,anisotropic_2d_spd/eps0p1_n00010000,10000,49600,1002,16532233.5,23476384.5,0.7042,0.0880
spd,python,cg,laplacian_2d_spd,laplacian_2d_spd/m100_n00010000,10000,49600,1000,11943370.0,11992824.5,0.9959,0.1245
spd,python,cg,laplacian_2d_spd,laplacian_2d_spd/m100_n00010000,10000,49600,1001,11425597.5,11775117.0,0.9703,0.1213
spd,python,cg,laplacian_2d_spd,laplacian_2d_spd/m100_n00010000,10000,49600,1002,11797216.5,11955998.5,0.9867,0.1233
spd,python,cg,suitesparse_spd/Pothen_bodyy4,suitesparse_spd/Pothen_bodyy4_n00017546,17546,121938,1000,30020905.0,35394254.5,0.8482,0.1060
spd,python,cg,suitesparse_spd/Pothen_bodyy4,suitesparse_spd/Pothen_bodyy4_n00017546,17546,121938,1001,22263568.5,35477789.0,0.6275,0.0784
spd,python,cg,suitesparse_spd/Pothen_bodyy4,suitesparse_spd/Pothen_bodyy4_n00017546,17546,121938,1002,22430186.0,35220564.0,0.6368,0.0796
spd,python,cg,laplacian_2d_spd,laplacian_2d_spd/m158_n00024964,24964,124188,1000,68148316.5,78593366.5,0.8671,0.1084
spd,python,cg,laplacian_3d_spd,laplacian_3d_spd/m030_n00027000,27000,183600,1000,14226426.5,19850591.5,0.7167,0.0896
spd,python,cg,laplacian_2d_spd,laplacian_2d_spd/m224_n00050176,50176,249984,1000,126089456.5,202983342.5,0.6212,0.0776
spd,python,pcg_ic0,laplacian_1d_spd,laplacian_1d_spd/n00000100,100,298,0,499854.5,679353.0,0.7358,0.0920
spd,python,pcg_ic0,varied_cond_spd/kappa2e0,varied_cond_spd/kappa2e0_n00000200,200,40000,1000,868719.5,898295.0,0.9671,0.1209
spd,python,pcg_ic0,varied_cond_spd/kappa2e0,varied_cond_spd/kappa2e0_n00000200,200,40000,1001,863659.0,907572.0,0.9516,0.1190
spd,python,pcg_ic0,varied_cond_spd/kappa2e0,varied_cond_spd/kappa2e0_n00000200,200,40000,1002,880903.0,913985.0,0.9638,0.1205
spd,python,pcg_ic0,varied_cond_spd/kappa4e0,varied_cond_spd/kappa4e0_n00000200,200,40000,1000,1283306.0,908621.0,1.4124,0.1765
spd,python,pcg_ic0,varied_cond_spd/kappa4e0,varied_cond_spd/kappa4e0_n00000200,200,40000,1001,1239000.0,912862.5,1.3573,0.1697
spd,python,pcg_ic0,varied_cond_spd/kappa4e0,varied_cond_spd/kappa4e0_n00000200,200,40000,1002,1234927.5,919612.0,1.3429,0.1679
spd,python,pcg_ic0,varied_cond_spd/kappa6e0,varied_cond_spd/kappa6e0_n00000200,200,40000,1000,898547.5,935325.0,0.9607,0.1201
spd,python,pcg_ic0,varied_cond_spd/kappa6e0,varied_cond_spd/kappa6e0_n00000200,200,40000,1001,890101.5,933175.0,0.9538,0.1192
spd,python,pcg_ic0,varied_cond_spd/kappa6e0,varied_cond_spd/kappa6e0_n00000200,200,40000,1002,895006.0,940191.5,0.9519,0.1190
spd,python,pcg_ic0,laplacian_2d_spd,laplacian_2d_spd/m020_n00000400,400,1920,1000,7769983.0,11297893.5,0.6877,0.0860
spd,python,pcg_ic0,laplacian_2d_spd,laplacian_2d_spd/m020_n00000400,400,1920,1001,7830926.5,11449868.0,0.6839,0.0855
spd,python,pcg_ic0,laplacian_2d_spd,laplacian_2d_spd/m020_n00000400,400,1920,1002,7829984.5,11177558.0,0.7005,0.0876
spd,python,pcg_ic0,laplacian_1d_spd,laplacian_1d_spd/n00000500,500,1498,0,423276.0,757560.5,0.5587,0.0698
spd,python,pcg_ic0,varied_cond_spd/kappa4e0,varied_cond_spd/kappa4e0_n00000500,500,250000,1000,3058964.0,3000035.5,1.0196,0.1275
spd,python,pcg_ic0,varied_cond_spd/kappa4e0,varied_cond_spd/kappa4e0_n00000500,500,250000,1001,3032854.0,2999773.5,1.0110,0.1264
spd,python,pcg_ic0,varied_cond_spd/kappa4e0,varied_cond_spd/kappa4e0_n00000500,500,250000,1002,3018151.0,3016201.5,1.0006,0.1251
spd,python,pcg_ic0,laplacian_3d_spd,laplacian_3d_spd/m008_n00000512,512,3200,1000,5280549.5,8405742.5,0.6282,0.0785
spd,python,pcg_ic0,laplacian_3d_spd,laplacian_3d_spd/m008_n00000512,512,3200,1001,4876896.5,7570399.5,0.6442,0.0805
spd,python,pcg_ic0,laplacian_3d_spd,laplacian_3d_spd/m008_n00000512,512,3200,1002,4890986.0,7458314.5,0.6558,0.0820
spd,python,pcg_ic0,anisotropic_2d_spd/eps0p01,anisotropic_2d_spd/eps0p01_n00000576,576,2784,1000,4829980.0,4703890.0,1.0268,0.1284
spd,python,pcg_ic0,anisotropic_2d_spd/eps0p01,anisotropic_2d_spd/eps0p01_n00000576,576,2784,1001,4828849.0,4687277.5,1.0302,0.1288
spd,python,pcg_ic0,anisotropic_2d_spd/eps0p01,anisotropic_2d_spd/eps0p01_n00000576,576,2784,1002,5243051.5,5038561.0,1.0406,0.1301
spd,python,pcg_ic0,anisotropic_2d_spd/eps0p1,anisotropic_2d_spd/eps0p1_n00000576,576,2784,1000,8714477.5,8709880.0,1.0005,0.1251
spd,python,pcg_ic0,anisotropic_2d_spd/eps0p1,anisotropic_2d_spd/eps0p1_n00000576,576,2784,1001,8717951.0,8714163.5,1.0004,0.1251
spd,python,pcg_ic0,anisotropic_2d_spd/eps0p1,anisotropic_2d_spd/eps0p1_n00000576,576,2784,1002,8759030.0,8640532.5,1.0137,0.1267
spd,python,pcg_ic0,suitesparse_spd/HB_nos3,suitesparse_spd/HB_nos3_n00000960,960,15844,1000,23874548.5,23975843.0,0.9958,0.1245
spd,python,pcg_ic0,suitesparse_spd/HB_nos3,suitesparse_spd/HB_nos3_n00000960,960,15844,1001,23701431.0,23842784.0,0.9941,0.1243
spd,python,pcg_ic0,suitesparse_spd/HB_nos3,suitesparse_spd/HB_nos3_n00000960,960,15844,1002,24099029.0,24228299.5,0.9947,0.1243
spd,python,pcg_ic0,varied_cond_spd/kappa4e0,varied_cond_spd/kappa4e0_n00001000,1000,1000000,1000,11082645.0,15156536.0,0.7312,0.0914
spd,python,pcg_ic0,varied_cond_spd/kappa4e0,varied_cond_spd/kappa4e0_n00001000,1000,1000000,1001,10954930.5,16023671.0,0.6837,0.0855
spd,python,pcg_ic0,varied_cond_spd/kappa4e0,varied_cond_spd/kappa4e0_n00001000,1000,1000000,1002,10954135.5,11047990.5,0.9915,0.1239
spd,python,pcg_ic0,laplacian_2d_spd,laplacian_2d_spd/m032_n00001024,1024,4992,1000,13831541.0,13408127.5,1.0316,0.1289
spd,python,pcg_ic0,laplacian_2d_spd,laplacian_2d_spd/m032_n00001024,1024,4992,1001,13807662.5,13332988.0,1.0356,0.1295
spd,python,pcg_ic0,laplacian_2d_spd,laplacian_2d_spd/m032_n00001024,1024,4992,1002,13417838.0,13020751.0,1.0305,0.1288
spd,python,pcg_ic0,suitesparse_spd/HB_1138_bus,suitesparse_spd/HB_1138_bus_n00001138,1138,4054,1000,73416656.5,102360436.5,0.7172,0.0897
spd,python,pcg_ic0,suitesparse_spd/HB_1138_bus,suitesparse_spd/HB_1138_bus_n00001138,1138,4054,1001,72201931.0,73725419.5,0.9793,0.1224
spd,python,pcg_ic0,suitesparse_spd/HB_1138_bus,suitesparse_spd/HB_1138_bus_n00001138,1138,4054,1002,73475842.0,74415052.0,0.9874,0.1234
spd,python,pcg_ic0,laplacian_3d_spd,laplacian_3d_spd/m012_n00001728,1728,11232,1000,8680151.0,13218463.5,0.6567,0.0821
spd,python,pcg_ic0,laplacian_3d_spd,laplacian_3d_spd/m012_n00001728,1728,11232,1001,8645579.0,13199561.5,0.6550,0.0819
spd,python,pcg_ic0,laplacian_3d_spd,laplacian_3d_spd/m012_n00001728,1728,11232,1002,8654083.0,13513133.5,0.6404,0.0801
spd,python,pcg_ic0,laplacian_2d_spd,laplacian_2d_spd/m064_n00004096,4096,20224,1000,40024848.0,39498218.0,1.0133,0.1267
spd,python,pcg_ic0,laplacian_2d_spd,laplacian_2d_spd/m064_n00004096,4096,20224,1001,40199866.0,39292593.0,1.0231,0.1279
spd,python,pcg_ic0,laplacian_2d_spd,laplacian_2d_spd/m064_n00004096,4096,20224,1002,37586913.5,36680776.5,1.0247,0.1281
spd,python,pcg_ic0,suitesparse_spd/HB_bcsstk16,suitesparse_spd/HB_bcsstk16_n00004884,4884,290378,1000,122549203.5,134760529.5,0.9094,0.1137
spd,python,pcg_ic0,suitesparse_spd/HB_bcsstk16,suitesparse_spd/HB_bcsstk16_n00004884,4884,290378,1001,119085701.5,122587077.5,0.9714,0.1214
spd,python,pcg_ic0,suitesparse_spd/HB_bcsstk16,suitesparse_spd/HB_bcsstk16_n00004884,4884,290378,1002,122163338.5,129199810.0,0.9455,0.1182
spd,python,pcg_ic0,anisotropic_2d_spd/eps0p1,anisotropic_2d_spd/eps0p1_n00005041,5041,24921,1000,45570099.5,43772321.5,1.0411,0.1301
spd,python,pcg_ic0,anisotropic_2d_spd/eps0p1,anisotropic_2d_spd/eps0p1_n00005041,5041,24921,1001,45579461.5,46254602.5,0.9854,0.1232
spd,python,pcg_ic0,anisotropic_2d_spd/eps0p1,anisotropic_2d_spd/eps0p1_n00005041,5041,24921,1002,45480191.5,44451861.5,1.0231,0.1279
spd,python,pcg_ic0,laplacian_2d_spd,laplacian_2d_spd/m071_n00005041,5041,24921,1000,50237980.5,50430395.5,0.9962,0.1245
spd,python,pcg_ic0,laplacian_2d_spd,laplacian_2d_spd/m071_n00005041,5041,24921,1001,50096820.0,52353229.0,0.9569,0.1196
spd,python,pcg_ic0,laplacian_2d_spd,laplacian_2d_spd/m071_n00005041,5041,24921,1002,49735784.5,50520973.0,0.9845,0.1231
spd,python,pcg_ic0,laplacian_3d_spd,laplacian_3d_spd/m020_n00008000,8000,53600,1000,31792521.0,28899806.5,1.1001,0.1375
spd,python,pcg_ic0,laplacian_3d_spd,laplacian_3d_spd/m020_n00008000,8000,53600,1001,28718986.5,30271814.0,0.9487,0.1186
spd,python,pcg_ic0,laplacian_3d_spd,laplacian_3d_spd/m020_n00008000,8000,53600,1002,28595650.0,28752509.5,0.9945,0.1243
spd,python,pcg_ic0,laplacian_2d_spd,laplacian_2d_spd/m096_n00009216,9216,45696,1000,145475158.0,110796007.0,1.3130,0.1641
spd,python,pcg_ic0,laplacian_2d_spd,laplacian_2d_spd/m096_n00009216,9216,45696,1001,143060006.0,146555484.0,0.9761,0.1220
spd,python,pcg_ic0,laplacian_2d_spd,laplacian_2d_spd/m096_n00009216,9216,45696,1002,129403177.5,131321742.0,0.9854,0.1232
spd,python,pcg_ic0,anisotropic_2d_spd/eps0p1,anisotropic_2d_spd/eps0p1_n00010000,10000,49600,1000,95174379.0,98619095.0,0.9651,0.1206
spd,python,pcg_ic0,anisotropic_2d_spd/eps0p1,anisotropic_2d_spd/eps0p1_n00010000,10000,49600,1001,94460855.0,97404808.0,0.9698,0.1212
spd,python,pcg_ic0,anisotropic_2d_spd/eps0p1,anisotropic_2d_spd/eps0p1_n00010000,10000,49600,1002,93224784.5,96334183.0,0.9677,0.1210
spd,python,pcg_ic0,laplacian_2d_spd,laplacian_2d_spd/m100_n00010000,10000,49600,1000,105236383.0,105641693.0,0.9962,0.1245
spd,python,pcg_ic0,laplacian_2d_spd,laplacian_2d_spd/m100_n00010000,10000,49600,1001,103586311.0,103471003.0,1.0011,0.1251
spd,python,pcg_ic0,laplacian_2d_spd,laplacian_2d_spd/m100_n00010000,10000,49600,1002,160597976.5,106354286.5,1.5100,0.1888
spd,python,pcg_ic0,suitesparse_spd/Pothen_bodyy4,suitesparse_spd/Pothen_bodyy4_n00017546,17546,121938,1000,86851816.0,72561944.5,1.1969,0.1496
spd,python,pcg_ic0,suitesparse_spd/Pothen_bodyy4,suitesparse_spd/Pothen_bodyy4_n00017546,17546,121938,1001,86354206.5,73189511.0,1.1799,0.1475
spd,python,pcg_ic0,suitesparse_spd/Pothen_bodyy4,suitesparse_spd/Pothen_bodyy4_n00017546,17546,121938,1002,83776602.0,70126174.5,1.1947,0.1493
spd,python,pcg_ic0,laplacian_2d_spd,laplacian_2d_spd/m158_n00024964,24964,124188,1000,342748623.5,418327541.0,0.8193,0.1024
spd,python,pcg_ic0,laplacian_3d_spd,laplacian_3d_spd/m030_n00027000,27000,183600,1000,156537970.5,127139297.5,1.2312,0.1539
spd,python,pcg_ic0,laplacian_2d_spd,laplacian_2d_spd/m224_n00050176,50176,249984,1000,896852118.0,2077486040.0,0.4317,0.0540
spd,python,pcg_jacobi,laplacian_1d_spd,laplacian_1d_spd/n00000100,100,298,0,566803.5,845826.5,0.6701,0.0838
spd,python,pcg_jacobi,varied_cond_spd/kappa2e0,varied_cond_spd/kappa2e0_n00000200,200,40000,1000,1699752.0,1653854.0,1.0278,0.1285
spd,python,pcg_jacobi,varied_cond_spd/kappa2e0,varied_cond_spd/kappa2e0_n00000200,200,40000,1001,1683794.5,1654103.0,1.0180,0.1272
spd,python,pcg_jacobi,varied_cond_spd/kappa2e0,varied_cond_spd/kappa2e0_n00000200,200,40000,1002,1696790.5,1664743.0,1.0193,0.1274
spd,python,pcg_jacobi,varied_cond_spd/kappa4e0,varied_cond_spd/kappa4e0_n00000200,200,40000,1000,3866386.0,3907650.5,0.9894,0.1237
spd,python,pcg_jacobi,varied_cond_spd/kappa4e0,varied_cond_spd/kappa4e0_n00000200,200,40000,1001,3851418.0,3893090.0,0.9893,0.1237
spd,python,pcg_jacobi,varied_cond_spd/kappa4e0,varied_cond_spd/kappa4e0_n00000200,200,40000,1002,3855233.0,3899738.0,0.9886,0.1236
spd,python,pcg_jacobi,varied_cond_spd/kappa6e0,varied_cond_spd/kappa6e0_n00000200,200,40000,1000,4099685.0,3883176.0,1.0558,0.1320
spd,python,pcg_jacobi,varied_cond_spd/kappa6e0,varied_cond_spd/kappa6e0_n00000200,200,40000,1001,3884376.0,3856115.0,1.0073,0.1259
spd,python,pcg_jacobi,varied_cond_spd/kappa6e0,varied_cond_spd/kappa6e0_n00000200,200,40000,1002,3882476.0,3881120.5,1.0003,0.1250
spd,python,pcg_jacobi,laplacian_2d_spd,laplacian_2d_spd/m020_n00000400,400,1920,1000,433295.5,438350.0,0.9885,0.1236
spd,python,pcg_jacobi,laplacian_2d_spd,laplacian_2d_spd/m020_n00000400,400,1920,1001,438173.5,444682.5,0.9854,0.1232
spd,python,pcg_jacobi,laplacian_2d_spd,laplacian_2d_spd/m020_n00000400,400,1920,1002,444052.5,446051.5,0.9955,0.1244
spd,python,pcg_jacobi,laplacian_1d_spd,laplacian_1d_spd/n00000500,500,1498,0,3328372.5,3423245.5,0.9723,0.1215
spd,python,pcg_jacobi,varied_cond_spd/kappa4e0,varied_cond_spd/kappa4e0_n00000500,500,250000,1000,69717138.5,66288629.5,1.0517,0.1315
spd,python,pcg_jacobi,varied_cond_spd/kappa4e0,varied_cond_spd/kappa4e0_n00000500,500,250000,1001,69337243.0,51017320.5,1.3591,0.1699
spd,python,pcg_jacobi,varied_cond_spd/kappa4e0,varied_cond_spd/kappa4e0_n00000500,500,250000,1002,68808012.5,59865423.5,1.1494,0.1437
spd,python,pcg_jacobi,laplacian_3d_spd,laplacian_3d_spd/m008_n00000512,512,3200,1000,269931.5,343444.0,0.7860,0.0982
spd,python,pcg_jacobi,laplacian_3d_spd,laplacian_3d_spd/m008_n00000512,512,3200,1001,264747.0,328887.5,0.8050,0.1006
spd,python,pcg_jacobi,laplacian_3d_spd,laplacian_3d_spd/m008_n00000512,512,3200,1002,267705.5,311930.0,0.8582,0.1073
spd,python,pcg_jacobi,anisotropic_2d_spd/eps0p01,anisotropic_2d_spd/eps0p01_n00000576,576,2784,1000,1007277.5,1017171.5,0.9903,0.1238
spd,python,pcg_jacobi,anisotropic_2d_spd/eps0p01,anisotropic_2d_spd/eps0p01_n00000576,576,2784,1001,1013648.5,1035135.5,0.9792,0.1224
spd,python,pcg_jacobi,anisotropic_2d_spd/eps0p01,anisotropic_2d_spd/eps0p01_n00000576,576,2784,1002,1010320.5,1029976.5,0.9809,0.1226
spd,python,pcg_jacobi,anisotropic_2d_spd/eps0p1,anisotropic_2d_spd/eps0p1_n00000576,576,2784,1000,1292395.5,848075.0,1.5239,0.1905
spd,python,pcg_jacobi,anisotropic_2d_spd/eps0p1,anisotropic_2d_spd/eps0p1_n00000576,576,2784,1001,1236645.0,817417.5,1.5129,0.1891
spd,python,pcg_jacobi,anisotropic_2d_spd/eps0p1,anisotropic_2d_spd/eps0p1_n00000576,576,2784,1002,1146134.5,837080.5,1.3692,0.1712
spd,python,pcg_jacobi,suitesparse_spd/HB_nos3,suitesparse_spd/HB_nos3_n00000960,960,15844,1000,2821441.0,2864306.0,0.9850,0.1231
spd,python,pcg_jacobi,suitesparse_spd/HB_nos3,suitesparse_spd/HB_nos3_n00000960,960,15844,1001,3068442.0,2868020.5,1.0699,0.1337
spd,python,pcg_jacobi,suitesparse_spd/HB_nos3,suitesparse_spd/HB_nos3_n00000960,960,15844,1002,2849789.5,2907126.5,0.9803,0.1225
spd,python,pcg_jacobi,varied_cond_spd/kappa4e0,varied_cond_spd/kappa4e0_n00001000,1000,1000000,1000,358304525.0,359218149.5,0.9975,0.1247
spd,python,pcg_jacobi,varied_cond_spd/kappa4e0,varied_cond_spd/kappa4e0_n00001000,1000,1000000,1001,359265422.0,358470946.5,1.0022,0.1253
spd,python,pcg_jacobi,varied_cond_spd/kappa4e0,varied_cond_spd/kappa4e0_n00001000,1000,1000000,1002,363891065.5,362966036.0,1.0025,0.1253
spd,python,pcg_jacobi,laplacian_2d_spd,laplacian_2d_spd/m032_n00001024,1024,4992,1000,986736.5,1109021.5,0.8897,0.1112
spd,python,pcg_jacobi,laplacian_2d_spd,laplacian_2d_spd/m032_n00001024,1024,4992,1001,953462.0,997787.5,0.9556,0.1194
spd,python,pcg_jacobi,laplacian_2d_spd,laplacian_2d_spd/m032_n00001024,1024,4992,1002,928619.5,927519.5,1.0012,0.1251
spd,python,pcg_jacobi,suitesparse_spd/HB_1138_bus,suitesparse_spd/HB_1138_bus_n00001138,1138,4054,1000,8819666.5,9185052.5,0.9602,0.1200
spd,python,pcg_jacobi,suitesparse_spd/HB_1138_bus,suitesparse_spd/HB_1138_bus_n00001138,1138,4054,1001,9016449.5,9496402.5,0.9495,0.1187
spd,python,pcg_jacobi,suitesparse_spd/HB_1138_bus,suitesparse_spd/HB_1138_bus_n00001138,1138,4054,1002,9299069.0,9007242.0,1.0324,0.1290
spd,python,pcg_jacobi,laplacian_3d_spd,laplacian_3d_spd/m012_n00001728,1728,11232,1000,720908.0,747409.5,0.9645,0.1206
spd,python,pcg_jacobi,laplacian_3d_spd,laplacian_3d_spd/m012_n00001728,1728,11232,1001,716740.5,688094.5,1.0416,0.1302
spd,python,pcg_jacobi,laplacian_3d_spd,laplacian_3d_spd/m012_n00001728,1728,11232,1002,716159.5,699675.5,1.0236,0.1279
spd,python,pcg_jacobi,suitesparse_spd/HB_bcsstk14,suitesparse_spd/HB_bcsstk14_n00001806,1806,63454,1000,22404178.0,17197663.5,1.3027,0.1628
spd,python,pcg_jacobi,suitesparse_spd/HB_bcsstk14,suitesparse_spd/HB_bcsstk14_n00001806,1806,63454,1001,22694223.5,17122019.5,1.3254,0.1657
spd,python,pcg_jacobi,suitesparse_spd/HB_bcsstk14,suitesparse_spd/HB_bcsstk14_n00001806,1806,63454,1002,22905230.0,17106894.0,1.3389,0.1674
spd,python,pcg_jacobi,laplacian_2d_spd,laplacian_2d_spd/m064_n00004096,4096,20224,1000,3940832.0,5369852.5,0.7339,0.0917
spd,python,pcg_jacobi,laplacian_2d_spd,laplacian_2d_spd/m064_n00004096,4096,20224,1001,3922401.5,5353868.5,0.7326,0.0916
spd,python,pcg_jacobi,laplacian_2d_spd,laplacian_2d_spd/m064_n00004096,4096,20224,1002,3845419.0,5987759.0,0.6422,0.0803
spd,python,pcg_jacobi,suitesparse_spd/HB_bcsstk16,suitesparse_spd/HB_bcsstk16_n00004884,4884,290378,1000,22776396.5,23275196.5,0.9786,0.1223
spd,python,pcg_jacobi,suitesparse_spd/HB_bcsstk16,suitesparse_spd/HB_bcsstk16_n00004884,4884,290378,1001,22706153.0,23476937.5,0.9672,0.1209
spd,python,pcg_jacobi,suitesparse_spd/HB_bcsstk16,suitesparse_spd/HB_bcsstk16_n00004884,4884,290378,1002,22774025.0,23245908.5,0.9797,0.1225
spd,python,pcg_jacobi,anisotropic_2d_spd/eps0p1,anisotropic_2d_spd/eps0p1_n00005041,5041,24921,1000,7345030.0,9712602.0,0.7562,0.0945
spd,python,pcg_jacobi,anisotropic_2d_spd/eps0p1,anisotropic_2d_spd/eps0p1_n00005041,5041,24921,1001,7482675.5,10231286.5,0.7314,0.0914
spd,python,pcg_jacobi,anisotropic_2d_spd/eps0p1,anisotropic_2d_spd/eps0p1_n00005041,5041,24921,1002,7624795.5,9651818.5,0.7900,0.0987
spd,python,pcg_jacobi,laplacian_2d_spd,laplacian_2d_spd/m071_n00005041,5041,24921,1000,4819028.5,5650438.0,0.8529,0.1066
spd,python,pcg_jacobi,laplacian_2d_spd,laplacian_2d_spd/m071_n00005041,5041,24921,1001,4855071.0,5778728.0,0.8402,0.1050
spd,python,pcg_jacobi,laplacian_2d_spd,laplacian_2d_spd/m071_n00005041,5041,24921,1002,4801676.0,5512085.0,0.8711,0.1089
spd,python,pcg_jacobi,laplacian_3d_spd,laplacian_3d_spd/m020_n00008000,8000,53600,1000,3314576.0,3049584.5,1.0869,0.1359
spd,python,pcg_jacobi,laplacian_3d_spd,laplacian_3d_spd/m020_n00008000,8000,53600,1001,3553259.5,3055730.5,1.1628,0.1454
spd,python,pcg_jacobi,laplacian_3d_spd,laplacian_3d_spd/m020_n00008000,8000,53600,1002,3106429.0,3040075.0,1.0218,0.1277
spd,python,pcg_jacobi,laplacian_2d_spd,laplacian_2d_spd/m096_n00009216,9216,45696,1000,10822125.0,10851701.5,0.9973,0.1247
spd,python,pcg_jacobi,laplacian_2d_spd,laplacian_2d_spd/m096_n00009216,9216,45696,1001,10779604.0,10673613.5,1.0099,0.1262
spd,python,pcg_jacobi,laplacian_2d_spd,laplacian_2d_spd/m096_n00009216,9216,45696,1002,10900002.5,10716681.5,1.0171,0.1271
spd,python,pcg_jacobi,anisotropic_2d_spd/eps0p1,anisotropic_2d_spd/eps0p1_n00010000,10000,49600,1000,17115786.5,17597052.0,0.9727,0.1216
spd,python,pcg_jacobi,anisotropic_2d_spd/eps0p1,anisotropic_2d_spd/eps0p1_n00010000,10000,49600,1001,16599825.0,17181336.5,0.9662,0.1208
spd,python,pcg_jacobi,anisotropic_2d_spd/eps0p1,anisotropic_2d_spd/eps0p1_n00010000,10000,49600,1002,16849562.0,16982890.0,0.9921,0.1240
spd,python,pcg_jacobi,laplacian_2d_spd,laplacian_2d_spd/m100_n00010000,10000,49600,1000,11913498.0,12022995.5,0.9909,0.1239
spd,python,pcg_jacobi,laplacian_2d_spd,laplacian_2d_spd/m100_n00010000,10000,49600,1001,11808962.0,11683752.0,1.0107,0.1263
spd,python,pcg_jacobi,laplacian_2d_spd,laplacian_2d_spd/m100_n00010000,10000,49600,1002,12014890.5,12004558.0,1.0009,0.1251
spd,python,pcg_jacobi,suitesparse_spd/Pothen_bodyy4,suitesparse_spd/Pothen_bodyy4_n00017546,17546,121938,1000,17206514.5,26091410.0,0.6595,0.0824
spd,python,pcg_jacobi,suitesparse_spd/Pothen_bodyy4,suitesparse_spd/Pothen_bodyy4_n00017546,17546,121938,1001,17445383.0,23462604.5,0.7435,0.0929
spd,python,pcg_jacobi,suitesparse_spd/Pothen_bodyy4,suitesparse_spd/Pothen_bodyy4_n00017546,17546,121938,1002,17306319.5,25050664.0,0.6909,0.0864
spd,python,pcg_jacobi,laplacian_2d_spd,laplacian_2d_spd/m158_n00024964,24964,124188,1000,45821215.0,76447445.0,0.5994,0.0749
spd,python,pcg_jacobi,laplacian_3d_spd,laplacian_3d_spd/m030_n00027000,27000,183600,1000,14536272.5,19648858.0,0.7398,0.0925
spd,python,pcg_jacobi,laplacian_2d_spd,laplacian_2d_spd/m224_n00050176,50176,249984,1000,128774751.5,209839064.0,0.6137,0.0767
