instance,family,n,k,cond_B,precision,m,delta_m,cond_H,ls_cond,arnoldi_resid,lsq_res_rel,final_drazin_err,final_res_rel,converged,iters_total,seed
similarity k=3 (well-cond),similarity_singular,43,3,10,float64,1,0,1,1,3.4957153e-16,0.99060411,1.2044617e-14,9.2710395e-16,true,40,1000
similarity k=3 (well-cond),similarity_singular,43,3,10,float64,2,2.2283337e-16,1.3376891,2.2584893,4.2352974e-16,0.84552798,1.2044617e-14,9.2710395e-16,true,40,1000
similarity k=3 (well-cond),similarity_singular,43,3,10,float64,3,2.3538651e-16,1.701311,2.4265824,4.6167814e-16,0.81839284,1.2044617e-14,9.2710395e-16,true,40,1000
similarity k=3 (well-cond),similarity_singular,43,3,10,float64,4,3.3326348e-16,1.7528383,2.5592199,6.3239236e-16,0.67693502,1.2044617e-14,9.2710395e-16,true,40,1000
similarity k=3 (well-cond),similarity_singular,43,3,10,float64,5,3.3842651e-16,2.1004767,4.6412707,6.7979765e-16,0.6440379,1.2044617e-14,9.2710395e-16,true,40,1000
similarity k=3 (well-cond),similarity_singular,43,3,10,float64,6,3.3539128e-16,2.6746128,4.7840548,9.6585354e-16,0.63964308,1.2044617e-14,9.2710395e-16,true,40,1000
similarity k=3 (well-cond),similarity_singular,43,3,10,float64,7,3.3675299e-16,2.9690593,8.4553891,9.6695172e-16,0.63934928,1.2044617e-14,9.2710395e-16,true,40,1000
similarity k=3 (well-cond),similarity_singular,43,3,10,float64,8,4.3433628e-16,3.2620474,9.3384262,9.7112674e-16,0.39191195,1.2044617e-14,9.2710395e-16,true,40,1000
similarity k=3 (well-cond),similarity_singular,43,3,10,float64,9,6.8262051e-16,3.8399712,10.123882,1.0530424e-15,0.35874479,1.2044617e-14,9.2710395e-16,true,40,1000
similarity k=3 (well-cond),similarity_singular,43,3,10,float64,10,6.4614933e-16,3.9164924,14.688156,1.0729989e-15,0.32884388,1.2044617e-14,9.2710395e-16,true,40,1000
similarity k=3 (well-cond),similarity_singular,43,3,10,float64,11,6.6244882e-16,3.9933117,15.505313,1.0940073e-15,0.30525371,1.2044617e-14,9.2710395e-16,true,40,1000
similarity k=3 (well-cond),similarity_singular,43,3,10,float64,12,7.1651627e-16,4.0628019,15.595835,1.120326e-15,0.25223556,1.2044617e-14,9.2710395e-16,true,40,1000
similarity k=3 (well-cond),similarity_singular,43,3,10,float64,13,7.4032145e-16,4.738335,18.118979,1.128216e-15,0.23460118,1.2044617e-14,9.2710395e-16,true,40,1000
similarity k=3 (well-cond),similarity_singular,43,3,10,float64,14,8.3523373e-16,4.8863654,20.014903,1.5029258e-15,0.2343004,1.2044617e-14,9.2710395e-16,true,40,1000
similarity k=3 (well-cond),similarity_singular,43,3,10,float64,15,8.8471129e-16,4.9060099,28.22237,1.5032711e-15,0.21360177,1.2044617e-14,9.2710395e-16,true,40,1000
similarity k=3 (well-cond),similarity_singular,43,3,10,float64,16,9.8882883e-16,6.1130738,29.977523,1.5038403e-15,0.21344009,1.2044617e-14,9.2710395e-16,true,40,1000
similarity k=3 (well-cond),similarity_singular,43,3,10,float64,17,1.1383779e-15,6.4582546,32.601872,1.5317963e-15,0.19939047,1.2044617e-14,9.2710395e-16,true,40,1000
similarity k=3 (well-cond),similarity_singular,43,3,10,float64,18,1.1742626e-15,7.6733821,32.847392,1.5397733e-15,0.19473977,1.2044617e-14,9.2710395e-16,true,40,1000
similarity k=3 (well-cond),similarity_singular,43,3,10,float64,19,1.362399e-15,7.7436038,33.232608,1.5755885e-15,0.18083753,1.2044617e-14,9.2710395e-16,true,40,1000
similarity k=3 (well-cond),similarity_singular,43,3,10,float64,20,1.3899164e-15,8.2561795,34.391339,1.8598526e-15,0.17343544,1.2044617e-14,9.2710395e-16,true,40,1000
similarity k=3 (well-cond),similarity_singular,43,3,10,float64,21,1.5552192e-15,8.461881,50.179837,1.8707564e-15,0.16913085,1.2044617e-14,9.2710395e-16,true,40,1000
similarity k=3 (well-cond),similarity_singular,43,3,10,float64,22,1.676307e-15,8.8518422,74.119607,1.8751043e-15,0.16858629,1.2044617e-14,9.2710395e-16,true,40,1000
similarity k=3 (well-cond),similarity_singular,43,3,10,float64,23,1.6995328e-15,9.8708766,103.13038,1.9139085e-15,0.16500577,1.2044617e-14,9.2710395e-16,true,40,1000
similarity k=3 (well-cond),similarity_singular,43,3,10,float64,24,1.7086102e-15,10.335275,105.61708,2.4079921e-15,0.15853443,1.2044617e-14,9.2710395e-16,true,40,1000
similarity k=3 (well-cond),similarity_singular,43,3,10,float64,25,1.7533773e-15,12.670987,126.03281,2.4109921e-15,0.12132528,1.2044617e-14,9.2710395e-16,true,40,1000
similarity k=3 (well-cond),similarity_singular,43,3,10,float64,26,1.7704082e-15,13.311623,129.62574,2.4106626e-15,0.11994389,1.2044617e-14,9.2710395e-16,true,40,1000
similarity k=3 (well-cond),similarity_singular,43,3,10,float64,27,2.075323e-15,13.523533,157.593,2.420959e-15,0.084682558,1.2044617e-14,9.2710395e-16,true,40,1000
similarity k=3 (well-cond),similarity_singular,43,3,10,float64,28,2.1977332e-15,13.786589,160.19987,2.4140775e-15,0.076074437,1.2044617e-14,9.2710395e-16,true,40,1000
similarity k=3 (well-cond),similarity_singular,43,3,10,float64,29,2.8099511e-15,13.964345,172.04145,2.4827795e-15,0.074807299,1.2044617e-14,9.2710395e-16,true,40,1000
similarity k=3 (well-cond),similarity_singular,43,3,10,float64,30,3.0922782e-15,14.220277,175.3369,2.4395989e-15,0.07471172,1.2044617e-14,9.2710395e-16,true,40,1000
similarity k=3 (well-cond),similarity_singular,43,3,10,float64,31,3.100201e-15,14.590817,197.24107,2.4408485e-15,0.05439218,1.2044617e-14,9.2710395e-16,true,40,1000
similarity k=3 (well-cond),similarity_singular,43,3,10,float64,32,3.4345735e-15,14.794657,216.3869,2.4408186e-15,0.047937057,1.2044617e-14,9.2710395e-16,true,40,1000
similarity k=3 (well-cond),similarity_singular,43,3,10,float64,33,3.4672702e-15,15.433272,223.25176,2.4436344e-15,0.047827874,1.2044617e-14,9.2710395e-16,true,40,1000
similarity k=3 (well-cond),similarity_singular,43,3,10,float64,34,3.4841683e-15,17.832086,224.55534,2.5651805e-15,0.044244006,1.2044617e-14,9.2710395e-16,true,40,1000
similarity k=3 (well-cond),similarity_singular,43,3,10,float64,35,5.0504554e-15,17.913502,236.60071,2.5665206e-15,0.038041957,1.2044617e-14,9.2710395e-16,true,40,1000
similarity k=3 (well-cond),similarity_singular,43,3,10,float64,36,9.1880986e-15,18.566407,242.25783,2.6874217e-15,0.0073021439,1.2044617e-14,9.2710395e-16,true,40,1000
similarity k=3 (well-cond),similarity_singular,43,3,10,float64,37,1.1154646e-14,21.277517,371.11965,2.6967853e-15,0.0072061041,1.2044617e-14,9.2710395e-16,true,40,1000
similarity k=3 (well-cond),similarity_singular,43,3,10,float64,38,8.9370008e-14,22.902371,401.35166,2.826002e-15,0.0044587613,1.2044617e-14,9.2710395e-16,true,40,1000
similarity k=3 (well-cond),similarity_singular,43,3,10,float64,39,1.338997e-13,23.030653,422.30851,2.8422572e-15,0.00057049564,1.2044617e-14,9.2710395e-16,true,40,1000
similarity k=3 (well-cond),similarity_singular,43,3,10,float64,40,3.0158801e-13,23.351105,464.00302,2.8398675e-15,9.2710395e-16,1.2044617e-14,9.2710395e-16,true,40,1000
similarity k=3 (well-cond),similarity_singular,43,3,10,float32,1,0,1,1,1.7666676e-07,0.9906041,0.097220908,5.2820479e-07,false,42,1000
similarity k=3 (well-cond),similarity_singular,43,3,10,float32,2,6.0509109e-08,1.3376894,2.2584893,1.9021609e-07,0.84552795,0.097220908,5.2820479e-07,false,42,1000
similarity k=3 (well-cond),similarity_singular,43,3,10,float32,3,6.9243128e-08,1.7013109,2.4265824,2.2265085e-07,0.81839275,0.097220908,5.2820479e-07,false,42,1000
similarity k=3 (well-cond),similarity_singular,43,3,10,float32,4,2.482511e-07,1.7528385,2.5592199,3.6137782e-07,0.67693508,0.097220908,5.2820479e-07,false,42,1000
similarity k=3 (well-cond),similarity_singular,43,3,10,float32,5,2.4981241e-07,2.1004767,4.6412702,3.6466e-07,0.64403784,0.097220908,5.2820479e-07,false,42,1000
similarity k=3 (well-cond),similarity_singular,43,3,10,float32,6,2.4984584e-07,2.6746128,4.7840545,3.6509751e-07,0.63964307,0.097220908,5.2820479e-07,false,42,1000
similarity k=3 (well-cond),similarity_singular,43,3,10,float32,7,2.5088457e-07,2.9690586,8.4553852,3.7863822e-07,0.63934922,0.097220908,5.2820479e-07,false,42,1000
similarity k=3 (well-cond),similarity_singular,43,3,10,float32,8,2.5201359e-07,3.2620467,9.3384253,3.6244733e-07,0.39191189,0.097220908,5.2820479e-07,false,42,1000
similarity k=3 (well-cond),similarity_singular,43,3,10,float32,9,2.7150396e-07,3.8399708,10.123885,3.7652699e-07,0.35874474,0.097220908,5.2820479e-07,false,42,1000
similarity k=3 (well-cond),similarity_singular,43,3,10,float32,10,2.7166454e-07,3.9164922,14.688166,3.9350634e-07,0.32884383,0.097220908,5.2820479e-07,false,42,1000
similarity k=3 (well-cond),similarity_singular,43,3,10,float32,11,2.7212607e-07,3.9933112,15.505323,5.5801101e-07,0.30525371,0.097220908,5.2820479e-07,false,42,1000
similarity k=3 (well-cond),similarity_singular,43,3,10,float32,12,2.7616596e-07,4.062801,15.595843,5.0762618e-07,0.25223559,0.097220908,5.2820479e-07,false,42,1000
similarity k=3 (well-cond),similarity_singular,43,3,10,float32,13,2.8254786e-07,4.7383321,18.118983,5.1128023e-07,0.2346012,0.097220908,5.2820479e-07,false,42,1000
similarity k=3 (well-cond),similarity_singular,43,3,10,float32,14,2.8289158e-07,4.8863623,20.014905,6.2298284e-07,0.23430042,0.097220908,5.2820479e-07,false,42,1000
similarity k=3 (well-cond),similarity_singular,43,3,10,float32,15,2.8980036e-07,4.9060072,28.222378,6.3062947e-07,0.2136018,0.097220908,5.2820479e-07,false,42,1000
similarity k=3 (well-cond),similarity_singular,43,3,10,float32,16,2.9667537e-07,6.113071,29.977521,8.9134305e-07,0.21344008,0.097220908,5.2820479e-07,false,42,1000
similarity k=3 (well-cond),similarity_singular,43,3,10,float32,17,3.6737583e-07,6.4582536,32.601882,8.925518e-07,0.19939043,0.097220908,5.2820479e-07,false,42,1000
similarity k=3 (well-cond),similarity_singular,43,3,10,float32,18,3.760279e-07,7.6733832,32.847401,9.2375142e-07,0.19473971,0.097220908,5.2820479e-07,false,42,1000
similarity k=3 (well-cond),similarity_singular,43,3,10,float32,19,3.7644273e-07,7.7436044,33.232608,9.2418913e-07,0.18083747,0.097220908,5.2820479e-07,false,42,1000
similarity k=3 (well-cond),similarity_singular,43,3,10,float32,20,3.9512428e-07,8.256181,34.391341,1.0399038e-06,0.1734354,0.097220908,5.2820479e-07,false,42,1000
similarity k=3 (well-cond),similarity_singular,43,3,10,float32,21,4.0284794e-07,8.4618815,50.179825,1.1422308e-06,0.16913082,0.097220908,5.2820479e-07,false,42,1000
similarity k=3 (well-cond),similarity_singular,43,3,10,float32,22,4.2580775e-07,8.8518415,74.119661,1.1463637e-06,0.16858628,0.097220908,5.2820479e-07,false,42,1000
similarity k=3 (well-cond),similarity_singular,43,3,10,float32,23,4.3927666e-07,9.8708817,103.13041,1.1204195e-06,0.16500583,0.097220908,5.2820479e-07,false,42,1000
similarity k=3 (well-cond),similarity_singular,43,3,10,float32,24,4.4883326e-07,10.335276,105.61712,1.0510681e-06,0.15853433,0.097220908,5.2820479e-07,false,42,1000
similarity k=3 (well-cond),similarity_singular,43,3,10,float32,25,4.6992529e-07,12.670984,126.03278,1.1114958e-06,0.12132539,0.097220908,5.2820479e-07,false,42,1000
similarity k=3 (well-cond),similarity_singular,43,3,10,float32,26,5.1074264e-07,13.311634,129.62581,1.165314e-06,0.11994401,0.097220908,5.2820479e-07,false,42,1000
similarity k=3 (well-cond),similarity_singular,43,3,10,float32,27,5.3565157e-07,13.523544,157.59306,1.2181524e-06,0.084682569,0.097220908,5.2820479e-07,false,42,1000
similarity k=3 (well-cond),similarity_singular,43,3,10,float32,28,5.4094227e-07,13.786598,160.20001,1.138588e-06,0.076074757,0.097220908,5.2820479e-07,false,42,1000
similarity k=3 (well-cond),similarity_singular,43,3,10,float32,29,7.4532393e-07,13.964357,172.04164,1.1385931e-06,0.074807532,0.097220908,5.2820479e-07,false,42,1000
similarity k=3 (well-cond),similarity_singular,43,3,10,float32,30,8.2731379e-07,14.220289,175.33702,1.1552477e-06,0.074711993,0.097220908,5.2820479e-07,false,42,1000
similarity k=3 (well-cond),similarity_singular,43,3,10,float32,31,8.2934179e-07,14.590823,197.24079,1.1708897e-06,0.054392289,0.097220908,5.2820479e-07,false,42,1000
similarity k=3 (well-cond),similarity_singular,43,3,10,float32,32,8.7494423e-07,14.794666,216.38696,1.1854708e-06,0.047937099,0.097220908,5.2820479e-07,false,42,1000
similarity k=3 (well-cond),similarity_singular,43,3,10,float32,33,8.8231777e-07,15.433278,223.2517,1.3266133e-06,0.047827881,0.097220908,5.2820479e-07,false,42,1000
similarity k=3 (well-cond),similarity_singular,43,3,10,float32,34,8.8234112e-07,17.832094,224.55529,1.3416295e-06,0.044244044,0.097220908,5.2820479e-07,false,42,1000
similarity k=3 (well-cond),similarity_singular,43,3,10,float32,35,1.3731845e-06,17.913508,236.60078,1.3567038e-06,0.038041975,0.097220908,5.2820479e-07,false,42,1000
similarity k=3 (well-cond),similarity_singular,43,3,10,float32,36,2.2481103e-06,18.566408,242.25769,1.3927179e-06,0.0073021753,0.097220908,5.2820479e-07,false,42,1000
similarity k=3 (well-cond),similarity_singular,43,3,10,float32,37,2.6437141e-06,21.277522,371.1198,1.431407e-06,0.0072061233,0.097220908,5.2820479e-07,false,42,1000
similarity k=3 (well-cond),similarity_singular,43,3,10,float32,38,2.2273948e-05,22.90244,401.35351,1.4556394e-06,0.0044588274,0.097220908,5.2820479e-07,false,42,1000
similarity k=3 (well-cond),similarity_singular,43,3,10,float32,39,3.3631923e-05,23.030746,422.3103,1.4725418e-06,0.00057067658,0.097220908,5.2820479e-07,false,42,1000
similarity k=3 (well-cond),similarity_singular,43,3,10,float32,40,7.5587648e-05,23.35113,464.00117,1.4217834e-06,6.1547576e-07,0.097220908,5.2820479e-07,false,42,1000
similarity k=3 (well-cond),similarity_singular,43,3,10,float32,41,0.85901952,42.562451,3.3344981e+08,1.4340195e-06,5.3010172e-07,0.097220908,5.2820479e-07,false,42,1000
similarity k=3 (well-cond),similarity_singular,43,3,10,float32,42,0.87377741,53.360451,1.1564851e+09,1.4340344e-06,5.2820479e-07,0.097220908,5.2820479e-07,false,42,1000
similarity k=4,similarity_singular,44,4,10,float64,1,1.110223e-16,1,1,4.3399994e-16,0.73159867,5.2865556e-14,8.1392366e-16,true,40,1000
similarity k=4,similarity_singular,44,4,10,float64,2,2.2270849e-16,1.067027,1.2887865,4.3504495e-16,0.72579375,5.2865556e-14,8.1392366e-16,true,40,1000
similarity k=4,similarity_singular,44,4,10,float64,3,2.2276522e-16,1.1513299,1.372486,5.4603773e-16,0.36202361,5.2865556e-14,8.1392366e-16,true,40,1000
similarity k=4,similarity_singular,44,4,10,float64,4,5.4488294e-16,1.3173266,2.0596388,5.9497725e-16,0.32543628,5.2865556e-14,8.1392366e-16,true,40,1000
similarity k=4,similarity_singular,44,4,10,float64,5,5.5008084e-16,1.4199549,3.5022751,6.7955605e-16,0.28041651,5.2865556e-14,8.1392366e-16,true,40,1000
similarity k=4,similarity_singular,44,4,10,float64,6,5.9648818e-16,1.8509436,6.0755015,8.6393011e-16,0.23704148,5.2865556e-14,8.1392366e-16,true,40,1000
similarity k=4,similarity_singular,44,4,10,float64,7,6.3672232e-16,2.7262758,10.861355,1.1348637e-15,0.23538907,5.2865556e-14,8.1392366e-16,true,40,1000
similarity k=4,similarity_singular,44,4,10,float64,8,8.720959e-16,3.3906951,13.181546,9.7799439e-16,0.23400516,5.2865556e-14,8.1392366e-16,true,40,1000
similarity k=4,similarity_singular,44,4,10,float64,9,9.9088123e-16,3.4187686,18.112245,9.8462815e-16,0.23005928,5.2865556e-14,8.1392366e-16,true,40,1000
similarity k=4,similarity_singular,44,4,10,float64,10,1.123468e-15,3.705703,20.22775,1.0513605e-15,0.22155838,5.2865556e-14,8.1392366e-16,true,40,1000
similarity k=4,similarity_singular,44,4,10,float64,11,1.173351e-15,3.7172341,22.932006,1.0560174e-15,0.18595173,5.2865556e-14,8.1392366e-16,true,40,1000
similarity k=4,similarity_singular,44,4,10,float64,12,1.2465199e-15,4.3841598,23.50921,1.1131989e-15,0.1496496,5.2865556e-14,8.1392366e-16,true,40,1000
similarity k=4,similarity_singular,44,4,10,float64,13,1.2713712e-15,4.6667455,24.959408,1.2855208e-15,0.14954752,5.2865556e-14,8.1392366e-16,true,40,1000
similarity k=4,similarity_singular,44,4,10,float64,14,1.2750476e-15,4.6878132,25.749898,1.2489862e-15,0.14809084,5.2865556e-14,8.1392366e-16,true,40,1000
similarity k=4,similarity_singular,44,4,10,float64,15,1.3915315e-15,4.9494079,33.188882,1.269878e-15,0.14777188,5.2865556e-14,8.1392366e-16,true,40,1000
similarity k=4,similarity_singular,44,4,10,float64,16,1.789484e-15,5.0438948,48.366028,1.380289e-15,0.1384616,5.2865556e-14,8.1392366e-16,true,40,1000
similarity k=4,similarity_singular,44,4,10,float64,17,1.8080991e-15,5.1943479,70.094009,1.4029286e-15,0.09080129,5.2865556e-14,8.1392366e-16,true,40,1000
similarity k=4,similarity_singular,44,4,10,float64,18,1.8151467e-15,5.5503036,74.328896,1.4508008e-15,0.089575635,5.2865556e-14,8.1392366e-16,true,40,1000
similarity k=4,similarity_singular,44,4,10,float64,19,1.869052e-15,5.9125153,75.630131,1.4771324e-15,0.088167051,5.2865556e-14,8.1392366e-16,true,40,1000
similarity k=4,similarity_singular,44,4,10,float64,20,1.8819461e-15,6.2552656,82.777606,1.5522515e-15,0.08351766,5.2865556e-14,8.1392366e-16,true,40,1000
similarity k=4,similarity_singular,44,4,10,float64,21,1.9983768e-15,7.3636335,101.31824,1.5811334e-15,0.080653444,5.2865556e-14,8.1392366e-16,true,40,1000
similarity k=4,similarity_singular,44,4,10,float64,22,3.0801866e-15,7.9494049,102.11311,1.6100107e-15,0.075737596,5.2865556e-14,8.1392366e-16,true,40,1000
similarity k=4,similarity_singular,44,4,10,float64,23,3.3587914e-15,8.2729145,200.57148,1.6120714e-15,0.067044818,5.2865556e-14,8.1392366e-16,true,40,1000
similarity k=4,similarity_singular,44,4,10,float64,24,3.3473327e-15,9.1455959,213.10661,1.679532e-15,0.061611249,5.2865556e-14,8.1392366e-16,true,40,1000
similarity k=4,similarity_singular,44,4,10,float64,25,3.3993895e-15,9.9327991,215.84664,1.7475373e-15,0.061110757,5.2865556e-14,8.1392366e-16,true,40,1000
similarity k=4,similarity_singular,44,4,10,float64,26,3.7339717e-15,10.193643,242.55388,2.0602089e-15,0.057146561,5.2865556e-14,8.1392366e-16,true,40,1000
similarity k=4,similarity_singular,44,4,10,float64,27,3.7660255e-15,11.133454,250.92811,2.0630754e-15,0.053755323,5.2865556e-14,8.1392366e-16,true,40,1000
similarity k=4,similarity_singular,44,4,10,float64,28,4.0708666e-15,11.32587,282.32129,2.0768397e-15,0.049772792,5.2865556e-14,8.1392366e-16,true,40,1000
similarity k=4,similarity_singular,44,4,10,float64,29,4.9861327e-15,11.757149,285.56962,2.0821113e-15,0.049756561,5.2865556e-14,8.1392366e-16,true,40,1000
similarity k=4,similarity_singular,44,4,10,float64,30,4.9887202e-15,12.652831,317.18952,2.1700221e-15,0.026458355,5.2865556e-14,8.1392366e-16,true,40,1000
similarity k=4,similarity_singular,44,4,10,float64,31,5.1666873e-15,12.95207,353.15515,2.1729676e-15,0.019350111,5.2865556e-14,8.1392366e-16,true,40,1000
similarity k=4,similarity_singular,44,4,10,float64,32,5.4770613e-15,13.239573,371.23319,2.2123933e-15,0.013583898,5.2865556e-14,8.1392366e-16,true,40,1000
similarity k=4,similarity_singular,44,4,10,float64,33,5.7010396e-15,13.405718,395.30055,2.2132975e-15,0.012987885,5.2865556e-14,8.1392366e-16,true,40,1000
similarity k=4,similarity_singular,44,4,10,float64,34,5.7140958e-15,15.066206,410.94529,2.2628124e-15,0.012410437,5.2865556e-14,8.1392366e-16,true,40,1000
similarity k=4,similarity_singular,44,4,10,float64,35,1.9768552e-14,15.108908,486.66603,2.2664883e-15,0.011718525,5.2865556e-14,8.1392366e-16,true,40,1000
similarity k=4,similarity_singular,44,4,10,float64,36,1.9837858e-14,17.124081,1016.001,2.2829056e-15,0.0079780964,5.2865556e-14,8.1392366e-16,true,40,1000
similarity k=4,similarity_singular,44,4,10,float64,37,1.9842479e-14,17.774485,1026.2334,2.3925327e-15,0.002288516,5.2865556e-14,8.1392366e-16,true,40,1000
similarity k=4,similarity_singular,44,4,10,float64,38,2.4062332e-14,18.191312,1093.1915,2.6297338e-15,0.0022668049,5.2865556e-14,8.1392366e-16,true,40,1000
similarity k=4,similarity_singular,44,4,10,float64,39,1.695181e-13,19.502052,1370.6859,2.6320034e-15,0.0010549046,5.2865556e-14,8.1392366e-16,true,40,1000
similarity k=4,similarity_singular,44,4,10,float64,40,2.6773349e-13,22.99862,1474.0904,2.670731e-15,8.1392366e-16,5.2865556e-14,8.1392366e-16,true,40,1000
illcond_block k=2,illcond_block_singular,42,2,1e+06,float64,1,4.4408921e-16,1,1,9.1063086e-12,0.86726098,1.0406654,8.2554041e-09,true,32,1000
illcond_block k=2,illcond_block_singular,42,2,1e+06,float64,2,6.3855722e-16,1.3878635,2.0015001,1.9485993e-11,0.1637853,1.0406654,8.2554041e-09,true,32,1000
illcond_block k=2,illcond_block_singular,42,2,1e+06,float64,3,1.2229932e-15,4.0162386,70.924248,2.4117373e-11,0.16287878,1.0406654,8.2554041e-09,true,32,1000
illcond_block k=2,illcond_block_singular,42,2,1e+06,float64,4,1.8315221e-15,10.773239,130.65877,2.8237565e-11,0.13480737,1.0406654,8.2554041e-09,true,32,1000
illcond_block k=2,illcond_block_singular,42,2,1e+06,float64,5,2.9730801e-15,14.22698,261.1532,2.8376401e-11,0.099925098,1.0406654,8.2554041e-09,true,32,1000
illcond_block k=2,illcond_block_singular,42,2,1e+06,float64,6,3.1823599e-15,14.768867,711.73088,3.465508e-11,0.029788114,1.0406654,8.2554041e-09,true,32,1000
illcond_block k=2,illcond_block_singular,42,2,1e+06,float64,7,9.8025156e-15,20.791017,1294.7268,3.4743912e-11,0.0080776451,1.0406654,8.2554041e-09,true,32,1000
illcond_block k=2,illcond_block_singular,42,2,1e+06,float64,8,1.1339316e-14,24.906063,2078.2467,3.6781174e-11,0.0080751666,1.0406654,8.2554041e-09,true,32,1000
illcond_block k=2,illcond_block_singular,42,2,1e+06,float64,9,2.4337412e-14,65.392264,8315.389,3.6795072e-11,0.0060003253,1.0406654,8.2554041e-09,true,32,1000
illcond_block k=2,illcond_block_singular,42,2,1e+06,float64,10,2.6394709e-14,80.897081,32315.147,5.2854056e-11,0.0059963038,1.0406654,8.2554041e-09,true,32,1000
illcond_block k=2,illcond_block_singular,42,2,1e+06,float64,11,3.1340468e-14,97.468419,91555.242,5.2959253e-11,0.0051807563,1.0406654,8.2554041e-09,true,32,1000
illcond_block k=2,illcond_block_singular,42,2,1e+06,float64,12,3.5056431e-14,109.32789,207693.12,5.3311829e-11,0.0048617437,1.0406654,8.2554041e-09,true,32,1000
illcond_block k=2,illcond_block_singular,42,2,1e+06,float64,13,3.5410441e-14,158.2106,977986.15,5.3569282e-11,0.0045780756,1.0406654,8.2554041e-09,true,32,1000
illcond_block k=2,illcond_block_singular,42,2,1e+06,float64,14,1.1704358e-13,483.9458,999555.95,5.8120589e-11,0.00034343425,1.0406654,8.2554041e-09,true,32,1000
illcond_block k=2,illcond_block_singular,42,2,1e+06,float64,15,4.2860726e-13,499.79953,1084474.5,5.8163403e-11,7.8439442e-05,1.0406654,8.2554041e-09,true,32,1000
illcond_block k=2,illcond_block_singular,42,2,1e+06,float64,16,2.3748558e-12,1811.6207,51664239,5.9800163e-11,6.6343545e-05,1.0406654,8.2554041e-09,true,32,1000
illcond_block k=2,illcond_block_singular,42,2,1e+06,float64,17,2.6546358e-12,2051.258,82541094,6.0257435e-11,6.5535833e-05,1.0406654,8.2554041e-09,true,32,1000
illcond_block k=2,illcond_block_singular,42,2,1e+06,float64,18,4.4168976e-12,2078.9487,87348456,7.2382289e-11,6.4372609e-06,1.0406654,8.2554041e-09,true,32,1000
illcond_block k=2,illcond_block_singular,42,2,1e+06,float64,19,4.4186123e-12,2157.6041,1.1405853e+08,7.2558776e-11,5.5861607e-06,1.0406654,8.2554041e-09,true,32,1000
illcond_block k=2,illcond_block_singular,42,2,1e+06,float64,20,1.1721588e-11,2362.7412,2.5567981e+08,7.4209276e-11,5.3050569e-06,1.0406654,8.2554041e-09,true,32,1000
illcond_block k=2,illcond_block_singular,42,2,1e+06,float64,21,3.8126416e-11,4287.241,8.9369317e+08,7.4307586e-11,4.9783272e-06,1.0406654,8.2554041e-09,true,32,1000
illcond_block k=2,illcond_block_singular,42,2,1e+06,float64,22,5.3690318e-11,4473.3573,9.1623929e+08,9.0602355e-11,4.789269e-06,1.0406654,8.2554041e-09,true,32,1000
illcond_block k=2,illcond_block_singular,42,2,1e+06,float64,23,6.8280781e-11,6007.2951,3.5261431e+09,9.0698253e-11,3.3113364e-06,1.0406654,8.2554041e-09,true,32,1000
illcond_block k=2,illcond_block_singular,42,2,1e+06,float64,24,6.8890964e-11,7799.9839,4.4416516e+09,1.0639313e-10,3.4935639e-07,1.0406654,8.2554041e-09,true,32,1000
illcond_block k=2,illcond_block_singular,42,2,1e+06,float64,25,4.9751543e-10,18312.847,5.2815931e+10,1.064052e-10,2.7355967e-07,1.0406654,8.2554041e-09,true,32,1000
illcond_block k=2,illcond_block_singular,42,2,1e+06,float64,26,9.9994777e-10,44037.734,2.1350681e+11,1.0655763e-10,1.1726949e-07,1.0406654,8.2554041e-09,true,32,1000
illcond_block k=2,illcond_block_singular,42,2,1e+06,float64,27,1.2701951e-09,44440.903,2.3157395e+11,1.066731e-10,4.0027987e-08,1.0406654,8.2554041e-09,true,32,1000
illcond_block k=2,illcond_block_singular,42,2,1e+06,float64,28,4.271795e-09,51780.179,2.44752e+11,1.0662416e-10,1.6168097e-08,1.0406654,8.2554041e-09,true,32,1000
illcond_block k=2,illcond_block_singular,42,2,1e+06,float64,29,4.3151634e-09,54595.061,5.3321971e+11,1.0671579e-10,1.5142142e-08,1.0406654,8.2554041e-09,true,32,1000
illcond_block k=2,illcond_block_singular,42,2,1e+06,float64,30,1.6427037e-08,61525.312,1.7458101e+12,1.07774e-10,1.4899555e-08,1.0406654,8.2554041e-09,true,32,1000
illcond_block k=2,illcond_block_singular,42,2,1e+06,float64,31,1.6690812e-08,73132.932,2.0664745e+12,1.0778204e-10,1.0676483e-08,1.0406654,8.2554041e-09,true,32,1000
illcond_block k=2,illcond_block_singular,42,2,1e+06,float64,32,1.8255626e-08,106965.49,3.622504e+13,1.0799565e-10,8.2554041e-09,1.0406654,8.2554041e-09,true,32,1000
illcond_block k=2,illcond_block_singular,42,2,1e+06,float32,1,5.9604645e-08,1,1,0.0064049119,0.86726099,1,0.00094329228,false,41,1000
illcond_block k=2,illcond_block_singular,42,2,1e+06,float32,2,1.657291e-07,1.3878636,2.0015008,0.013038386,0.16378534,1,0.00094329228,false,41,1000
illcond_block k=2,illcond_block_singular,42,2,1e+06,float32,3,3.0683932e-07,4.0162401,70.924323,0.015918079,0.16287881,1,0.00094329228,false,41,1000
illcond_block k=2,illcond_block_singular,42,2,1e+06,float32,4,6.4187173e-07,10.773238,130.65878,0.018490968,0.13480741,1,0.00094329228,false,41,1000
illcond_block k=2,illcond_block_singular,42,2,1e+06,float32,5,8.7218557e-07,14.226979,261.15331,0.018522506,0.099925295,1,0.00094329228,false,41,1000
illcond_block k=2,illcond_block_singular,42,2,1e+06,float32,6,1.0445653e-06,14.768856,711.72909,0.020711225,0.029788207,1,0.00094329228,false,41,1000
illcond_block k=2,illcond_block_singular,42,2,1e+06,float32,7,2.7505693e-06,20.791199,1294.7291,0.019163849,0.008077601,1,0.00094329228,false,41,1000
illcond_block k=2,illcond_block_singular,42,2,1e+06,float32,8,2.9317299e-06,24.906182,2078.2339,0.019395873,0.0080751404,1,0.00094329228,false,41,1000
illcond_block k=2,illcond_block_singular,42,2,1e+06,float32,9,6.9385933e-06,65.391467,8314.9657,0.029465345,0.0060003116,1,0.00094329228,false,41,1000
illcond_block k=2,illcond_block_singular,42,2,1e+06,float32,10,8.3689593e-06,80.89705,32314.442,0.029465629,0.0059962841,1,0.00094329228,false,41,1000
illcond_block k=2,illcond_block_singular,42,2,1e+06,float32,11,1.0141956e-05,97.46789,91539.586,0.029572989,0.0051806117,1,0.00094329228,false,41,1000
illcond_block k=2,illcond_block_singular,42,2,1e+06,float32,12,1.145498e-05,109.32783,207759.45,0.029208562,0.0048615998,1,0.00094329228,false,41,1000
illcond_block k=2,illcond_block_singular,42,2,1e+06,float32,13,1.145785e-05,158.21301,976044.98,0.033594225,0.0045779985,1,0.00094329228,false,41,1000
illcond_block k=2,illcond_block_singular,42,2,1e+06,float32,14,3.9067537e-05,483.94452,997578.8,0.033617387,0.00034415274,1,0.00094329228,false,41,1000
illcond_block k=2,illcond_block_singular,42,2,1e+06,float32,15,0.00014340086,499.79627,1081995.9,0.034500003,8.142864e-05,1,0.00094329228,false,41,1000
illcond_block k=2,illcond_block_singular,42,2,1e+06,float32,16,0.0008200423,1810.7752,45356012,0.030300779,0.0010630708,1,0.00094329228,false,41,1000
illcond_block k=2,illcond_block_singular,42,2,1e+06,float32,17,0.00091213259,2051.1355,61835388,0.043402588,7.5855489e-05,1,0.00094329228,false,41,1000
illcond_block k=2,illcond_block_singular,42,2,1e+06,float32,18,0.001525498,2079.9099,64072710,0.043403594,0.0012753321,1,0.00094329228,false,41,1000
illcond_block k=2,illcond_block_singular,42,2,1e+06,float32,19,0.0015261284,2158.3092,77337380,0.04412312,0.00093299523,1,0.00094329228,false,41,1000
illcond_block k=2,illcond_block_singular,42,2,1e+06,float32,20,0.0040365401,2367.1038,98117958,0.033502323,0.0006613101,1,0.00094329228,false,41,1000
illcond_block k=2,illcond_block_singular,42,2,1e+06,float32,21,0.013082302,4445.3167,1.160635e+08,0.033679169,0.00065408048,1,0.00094329228,false,41,1000
illcond_block k=2,illcond_block_singular,42,2,1e+06,float32,22,0.018314308,4577.2636,1.3986012e+08,0.045697268,0.0006691587,1,0.00094329228,false,41,1000
illcond_block k=2,illcond_block_singular,42,2,1e+06,float32,23,0.023348464,6101.3226,1.8633082e+08,0.047812498,0.00075975026,1,0.00094329228,false,41,1000
illcond_block k=2,illcond_block_singular,42,2,1e+06,float32,24,0.024106332,8025.8893,1.5728071e+08,0.052584991,0.0007899676,1,0.00094329228,false,41,1000
illcond_block k=2,illcond_block_singular,42,2,1e+06,float32,25,0.19343455,20846.953,2.072489e+08,0.055365402,0.00074430363,1,0.00094329228,false,41,1000
illcond_block k=2,illcond_block_singular,42,2,1e+06,float32,26,0.32729077,40349.938,2.6857484e+08,0.055718544,0.0010377704,1,0.00094329228,false,41,1000
illcond_block k=2,illcond_block_singular,42,2,1e+06,float32,27,0.3273086,41486.776,2.6879001e+08,0.055729133,0.0010598713,1,0.00094329228,false,41,1000
illcond_block k=2,illcond_block_singular,42,2,1e+06,float32,28,0.33287461,43001.752,2.8403414e+08,0.054127068,0.0010542616,1,0.00094329228,false,41,1000
illcond_block k=2,illcond_block_singular,42,2,1e+06,float32,29,0.40220614,49512.682,4.0419994e+08,0.054189704,0.0011223066,1,0.00094329228,false,41,1000
illcond_block k=2,illcond_block_singular,42,2,1e+06,float32,30,0.66209313,59968.935,4.3065873e+08,0.054287709,0.0011292918,1,0.00094329228,false,41,1000
illcond_block k=2,illcond_block_singular,42,2,1e+06,float32,31,0.71590822,69238.954,3.5166513e+08,0.054954163,0.0011882456,1,0.00094329228,false,41,1000
illcond_block k=2,illcond_block_singular,42,2,1e+06,float32,32,0.73796582,145178.62,4.721815e+08,0.05466459,0.0010760094,1,0.00094329228,false,41,1000
illcond_block k=2,illcond_block_singular,42,2,1e+06,float32,33,0.74635445,178538.8,4.7259908e+08,0.055123842,0.0010602588,1,0.00094329228,false,41,1000
illcond_block k=2,illcond_block_singular,42,2,1e+06,float32,34,0.75567961,197076.65,5.5409605e+08,0.055860862,0.0008089295,1,0.00094329228,false,41,1000
illcond_block k=2,illcond_block_singular,42,2,1e+06,float32,35,0.78454344,293821.77,9.5081569e+08,0.056174768,0.00073436613,1,0.00094329228,false,41,1000
illcond_block k=2,illcond_block_singular,42,2,1e+06,float32,36,0.82740453,300981.35,8.7947103e+08,0.066785667,0.00095151464,1,0.00094329228,false,41,1000
illcond_block k=2,illcond_block_singular,42,2,1e+06,float32,37,0.84737464,509062.91,9.9526375e+08,0.066797685,0.00092728203,1,0.00094329228,false,41,1000
illcond_block k=2,illcond_block_singular,42,2,1e+06,float32,38,0.88442615,820882.01,1.8117093e+09,0.066811371,0.00093393936,1,0.00094329228,false,41,1000
illcond_block k=2,illcond_block_singular,42,2,1e+06,float32,39,0.88446172,1001971.6,2.1880799e+09,0.066933713,0.0010355138,1,0.00094329228,false,41,1000
illcond_block k=2,illcond_block_singular,42,2,1e+06,float32,40,0.99529515,1174131.7,1.0242766e+10,0.066940675,0.0010045243,1,0.00094329228,false,41,1000
illcond_block k=2,illcond_block_singular,42,2,1e+06,float32,41,1,98360168,Inf,0.067536818,0.00094329228,1,0.00094329228,false,41,1000
blockdiag_high_index k=5,blockdiag_high_index_singular,45,5,10,float64,1,2.220446e-16,1,1,3.2723341e-16,0.99995477,3.6814733e-14,1.2470963e-15,true,40,1000
blockdiag_high_index k=5,blockdiag_high_index_singular,45,5,10,float64,2,2.2756734e-16,1.2494112,3.5018845,4.3801188e-16,0.99178195,3.6814733e-14,1.2470963e-15,true,40,1000
blockdiag_high_index k=5,blockdiag_high_index_singular,45,5,10,float64,3,2.7147778e-16,1.382079,5.0365557,6.3088526e-16,0.84789105,3.6814733e-14,1.2470963e-15,true,40,1000
blockdiag_high_index k=5,blockdiag_high_index_singular,45,5,10,float64,4,2.9472211e-16,1.7993621,6.1894828,6.3121338e-16,0.84756164,3.6814733e-14,1.2470963e-15,true,40,1000
blockdiag_high_index k=5,blockdiag_high_index_singular,45,5,10,float64,5,2.9558191e-16,2.0920215,6.2496878,7.6984664e-16,0.5188777,3.6814733e-14,1.2470963e-15,true,40,1000
blockdiag_high_index k=5,blockdiag_high_index_singular,45,5,10,float64,6,3.213879e-16,2.1429397,7.5893939,7.698481e-16,0.51887407,3.6814733e-14,1.2470963e-15,true,40,1000
blockdiag_high_index k=5,blockdiag_high_index_singular,45,5,10,float64,7,3.2210238e-16,2.3101496,8.6845249,7.6994985e-16,0.50365215,3.6814733e-14,1.2470963e-15,true,40,1000
blockdiag_high_index k=5,blockdiag_high_index_singular,45,5,10,float64,8,3.5771065e-16,2.5692474,11.48623,7.8646533e-16,0.48673079,3.6814733e-14,1.2470963e-15,true,40,1000
blockdiag_high_index k=5,blockdiag_high_index_singular,45,5,10,float64,9,5.9605532e-16,2.7774393,12.273563,1.1845274e-15,0.34444297,3.6814733e-14,1.2470963e-15,true,40,1000
blockdiag_high_index k=5,blockdiag_high_index_singular,45,5,10,float64,10,6.1796271e-16,2.8599309,14.989883,9.4440737e-16,0.29759182,3.6814733e-14,1.2470963e-15,true,40,1000
blockdiag_high_index k=5,blockdiag_high_index_singular,45,5,10,float64,11,6.4762149e-16,3.1582271,21.173731,9.5864744e-16,0.2031068,3.6814733e-14,1.2470963e-15,true,40,1000
blockdiag_high_index k=5,blockdiag_high_index_singular,45,5,10,float64,12,7.9199652e-16,3.290215,25.512571,1.0773755e-15,0.20118242,3.6814733e-14,1.2470963e-15,true,40,1000
blockdiag_high_index k=5,blockdiag_high_index_singular,45,5,10,float64,13,9.5815286e-16,3.5044589,26.867106,1.1372968e-15,0.19696276,3.6814733e-14,1.2470963e-15,true,40,1000
blockdiag_high_index k=5,blockdiag_high_index_singular,45,5,10,float64,14,9.8219359e-16,3.5666196,36.909154,1.1384129e-15,0.12936904,3.6814733e-14,1.2470963e-15,true,40,1000
blockdiag_high_index k=5,blockdiag_high_index_singular,45,5,10,float64,15,1.0512686e-15,4.2489296,40.326291,1.1445779e-15,0.12930782,3.6814733e-14,1.2470963e-15,true,40,1000
blockdiag_high_index k=5,blockdiag_high_index_singular,45,5,10,float64,16,1.1139624e-15,4.2774604,47.867602,1.1766308e-15,0.121727,3.6814733e-14,1.2470963e-15,true,40,1000
blockdiag_high_index k=5,blockdiag_high_index_singular,45,5,10,float64,17,1.2435697e-15,4.3579007,70.393419,1.1769089e-15,0.11055114,3.6814733e-14,1.2470963e-15,true,40,1000
blockdiag_high_index k=5,blockdiag_high_index_singular,45,5,10,float64,18,1.2276382e-15,4.4294993,79.249992,1.199857e-15,0.10534699,3.6814733e-14,1.2470963e-15,true,40,1000
blockdiag_high_index k=5,blockdiag_high_index_singular,45,5,10,float64,19,1.2371725e-15,4.5406563,81.157956,1.2173807e-15,0.098896288,3.6814733e-14,1.2470963e-15,true,40,1000
blockdiag_high_index k=5,blockdiag_high_index_singular,45,5,10,float64,20,2.0715093e-15,4.6069656,88.057324,1.2453431e-15,0.096510594,3.6814733e-14,1.2470963e-15,true,40,1000
blockdiag_high_index k=5,blockdiag_high_index_singular,45,5,10,float64,21,2.0761273e-15,4.91681,104.3308,1.2481944e-15,0.093151408,3.6814733e-14,1.2470963e-15,true,40,1000
blockdiag_high_index k=5,blockdiag_high_index_singular,45,5,10,float64,22,2.1842011e-15,5.1081426,121.33739,1.2700339e-15,0.088226857,3.6814733e-14,1.2470963e-15,true,40,1000
blockdiag_high_index k=5,blockdiag_high_index_singular,45,5,10,float64,23,2.248265e-15,5.1143697,141.80268,1.4540303e-15,0.08052294,3.6814733e-14,1.2470963e-15,true,40,1000
blockdiag_high_index k=5,blockdiag_high_index_singular,45,5,10,float64,24,2.2544012e-15,5.8540455,158.02244,1.5527567e-15,0.062577157,3.6814733e-14,1.2470963e-15,true,40,1000
blockdiag_high_index k=5,blockdiag_high_index_singular,45,5,10,float64,25,2.9579944e-15,6.209645,203.26459,1.5859444e-15,0.05036444,3.6814733e-14,1.2470963e-15,true,40,1000
blockdiag_high_index k=5,blockdiag_high_index_singular,45,5,10,float64,26,2.9599369e-15,6.2933753,225.27775,1.5732802e-15,0.047474907,3.6814733e-14,1.2470963e-15,true,40,1000
blockdiag_high_index k=5,blockdiag_high_index_singular,45,5,10,float64,27,3.0748973e-15,6.4465971,227.97999,1.5882783e-15,0.045818916,3.6814733e-14,1.2470963e-15,true,40,1000
blockdiag_high_index k=5,blockdiag_high_index_singular,45,5,10,float64,28,3.1482085e-15,6.6802456,239.77763,1.7763852e-15,0.029265976,3.6814733e-14,1.2470963e-15,true,40,1000
blockdiag_high_index k=5,blockdiag_high_index_singular,45,5,10,float64,29,3.1490791e-15,6.7045043,244.26691,1.7766833e-15,0.029206653,3.6814733e-14,1.2470963e-15,true,40,1000
blockdiag_high_index k=5,blockdiag_high_index_singular,45,5,10,float64,30,9.03556e-15,7.3391961,263.36424,1.7786647e-15,0.027811972,3.6814733e-14,1.2470963e-15,true,40,1000
blockdiag_high_index k=5,blockdiag_high_index_singular,45,5,10,float64,31,1.1694773e-14,7.7394856,368.51545,1.7949413e-15,0.010709123,3.6814733e-14,1.2470963e-15,true,40,1000
blockdiag_high_index k=5,blockdiag_high_index_singular,45,5,10,float64,32,1.1884283e-14,8.1466848,614.26903,1.8584133e-15,0.0068786096,3.6814733e-14,1.2470963e-15,true,40,1000
blockdiag_high_index k=5,blockdiag_high_index_singular,45,5,10,float64,33,1.1888896e-14,8.3237755,718.37733,1.8889701e-15,0.006768763,3.6814733e-14,1.2470963e-15,true,40,1000
blockdiag_high_index k=5,blockdiag_high_index_singular,45,5,10,float64,34,1.3203658e-14,8.339886,727.86667,1.9055022e-15,0.0034711763,3.6814733e-14,1.2470963e-15,true,40,1000
blockdiag_high_index k=5,blockdiag_high_index_singular,45,5,10,float64,35,1.4558891e-14,8.5746223,958.16351,1.9157653e-15,0.0034283463,3.6814733e-14,1.2470963e-15,true,40,1000
blockdiag_high_index k=5,blockdiag_high_index_singular,45,5,10,float64,36,1.4568353e-14,8.6598196,1012.5053,1.9140242e-15,0.0031448786,3.6814733e-14,1.2470963e-15,true,40,1000
blockdiag_high_index k=5,blockdiag_high_index_singular,45,5,10,float64,37,7.5956985e-14,8.8938108,1048.6597,1.9932007e-15,0.0027082946,3.6814733e-14,1.2470963e-15,true,40,1000
blockdiag_high_index k=5,blockdiag_high_index_singular,45,5,10,float64,38,8.5413493e-14,9.2753713,1071.0947,2.021747e-15,0.0014614626,3.6814733e-14,1.2470963e-15,true,40,1000
blockdiag_high_index k=5,blockdiag_high_index_singular,45,5,10,float64,39,9.4475111e-14,9.6180442,1400.4348,2.0253602e-15,0.00039655144,3.6814733e-14,1.2470963e-15,true,40,1000
blockdiag_high_index k=5,blockdiag_high_index_singular,45,5,10,float64,40,2.1170356e-13,10,1436.5377,2.1066541e-15,1.2470963e-15,3.6814733e-14,1.2470963e-15,true,40,1000
blockdiag_high_index k=5,blockdiag_high_index_singular,45,5,10,float32,1,2.3841858e-07,1,1,2.2127095e-07,0.99995482,1.6961417e-05,4.9843345e-07,false,44,1000
blockdiag_high_index k=5,blockdiag_high_index_singular,45,5,10,float32,2,2.4115695e-07,1.2494112,3.5018844,2.3231477e-07,0.99178201,1.6961417e-05,4.9843345e-07,false,44,1000
blockdiag_high_index k=5,blockdiag_high_index_singular,45,5,10,float32,3,2.4269738e-07,1.3820791,5.0365544,2.7968625e-07,0.84789109,1.6961417e-05,4.9843345e-07,false,44,1000
blockdiag_high_index k=5,blockdiag_high_index_singular,45,5,10,float32,4,2.4472565e-07,1.799362,6.1894814,2.9025404e-07,0.84756172,1.6961417e-05,4.9843345e-07,false,44,1000
blockdiag_high_index k=5,blockdiag_high_index_singular,45,5,10,float32,5,2.4541503e-07,2.0920215,6.2496867,4.117965e-07,0.51887774,1.6961417e-05,4.9843345e-07,false,44,1000
blockdiag_high_index k=5,blockdiag_high_index_singular,45,5,10,float32,6,2.4703715e-07,2.1429397,7.589393,4.1180703e-07,0.51887411,1.6961417e-05,4.9843345e-07,false,44,1000
blockdiag_high_index k=5,blockdiag_high_index_singular,45,5,10,float32,7,2.4773399e-07,2.3101499,8.6845225,4.092367e-07,0.50365222,1.6961417e-05,4.9843345e-07,false,44,1000
blockdiag_high_index k=5,blockdiag_high_index_singular,45,5,10,float32,8,2.4814408e-07,2.5692477,11.486226,4.2781878e-07,0.48673081,1.6961417e-05,4.9843345e-07,false,44,1000
blockdiag_high_index k=5,blockdiag_high_index_singular,45,5,10,float32,9,2.5054711e-07,2.7774398,12.273564,4.6410395e-07,0.34444302,1.6961417e-05,4.9843345e-07,false,44,1000
blockdiag_high_index k=5,blockdiag_high_index_singular,45,5,10,float32,10,2.5121628e-07,2.8599311,14.989884,4.901256e-07,0.29759192,1.6961417e-05,4.9843345e-07,false,44,1000
blockdiag_high_index k=5,blockdiag_high_index_singular,45,5,10,float32,11,2.5163779e-07,3.1582272,21.173734,5.2345432e-07,0.20310688,1.6961417e-05,4.9843345e-07,false,44,1000
blockdiag_high_index k=5,blockdiag_high_index_singular,45,5,10,float32,12,2.6028807e-07,3.2902152,25.512582,5.3542512e-07,0.20118251,1.6961417e-05,4.9843345e-07,false,44,1000
blockdiag_high_index k=5,blockdiag_high_index_singular,45,5,10,float32,13,2.7361623e-07,3.5044586,26.86711,5.4796857e-07,0.19696286,1.6961417e-05,4.9843345e-07,false,44,1000
blockdiag_high_index k=5,blockdiag_high_index_singular,45,5,10,float32,14,2.7504023e-07,3.5666195,36.909121,5.4857391e-07,0.12936909,1.6961417e-05,4.9843345e-07,false,44,1000
blockdiag_high_index k=5,blockdiag_high_index_singular,45,5,10,float32,15,2.8004938e-07,4.2489303,40.326266,5.7599837e-07,0.12930785,1.6961417e-05,4.9843345e-07,false,44,1000
blockdiag_high_index k=5,blockdiag_high_index_singular,45,5,10,float32,16,3.0335002e-07,4.2774613,47.8676,6.7518479e-07,0.12172703,1.6961417e-05,4.9843345e-07,false,44,1000
blockdiag_high_index k=5,blockdiag_high_index_singular,45,5,10,float32,17,3.806305e-07,4.3579008,70.393395,6.8110824e-07,0.11055111,1.6961417e-05,4.9843345e-07,false,44,1000
blockdiag_high_index k=5,blockdiag_high_index_singular,45,5,10,float32,18,3.8286077e-07,4.4294998,79.249983,6.8110826e-07,0.10534702,1.6961417e-05,4.9843345e-07,false,44,1000
blockdiag_high_index k=5,blockdiag_high_index_singular,45,5,10,float32,19,3.8803696e-07,4.5406566,81.157919,6.9005225e-07,0.098896347,1.6961417e-05,4.9843345e-07,false,44,1000
blockdiag_high_index k=5,blockdiag_high_index_singular,45,5,10,float32,20,5.2741162e-07,4.6069659,88.057192,7.0814662e-07,0.096510656,1.6961417e-05,4.9843345e-07,false,44,1000
blockdiag_high_index k=5,blockdiag_high_index_singular,45,5,10,float32,21,5.274635e-07,4.9168092,104.33069,8.4981172e-07,0.093151413,1.6961417e-05,4.9843345e-07,false,44,1000
blockdiag_high_index k=5,blockdiag_high_index_singular,45,5,10,float32,22,5.7990281e-07,5.1081412,121.33746,8.5044883e-07,0.08822681,1.6961417e-05,4.9843345e-07,false,44,1000
blockdiag_high_index k=5,blockdiag_high_index_singular,45,5,10,float32,23,5.8680196e-07,5.114368,141.80289,8.5738079e-07,0.080523044,1.6961417e-05,4.9843345e-07,false,44,1000
blockdiag_high_index k=5,blockdiag_high_index_singular,45,5,10,float32,24,5.8692581e-07,5.854044,158.02254,9.6076934e-07,0.062577307,1.6961417e-05,4.9843345e-07,false,44,1000
blockdiag_high_index k=5,blockdiag_high_index_singular,45,5,10,float32,25,7.4104256e-07,6.2096428,203.26467,9.6879674e-07,0.050364532,1.6961417e-05,4.9843345e-07,false,44,1000
blockdiag_high_index k=5,blockdiag_high_index_singular,45,5,10,float32,26,7.4165532e-07,6.2933739,225.27784,9.7061781e-07,0.047475126,1.6961417e-05,4.9843345e-07,false,44,1000
blockdiag_high_index k=5,blockdiag_high_index_singular,45,5,10,float32,27,7.8374919e-07,6.4465966,227.98006,9.7410708e-07,0.045819081,1.6961417e-05,4.9843345e-07,false,44,1000
blockdiag_high_index k=5,blockdiag_high_index_singular,45,5,10,float32,28,7.9549986e-07,6.6802466,239.77749,9.9627492e-07,0.029265983,1.6961417e-05,4.9843345e-07,false,44,1000
blockdiag_high_index k=5,blockdiag_high_index_singular,45,5,10,float32,29,7.9707869e-07,6.704505,244.2668,1.008723e-06,0.029206662,1.6961417e-05,4.9843345e-07,false,44,1000
blockdiag_high_index k=5,blockdiag_high_index_singular,45,5,10,float32,30,1.934083e-06,7.339198,263.36386,1.0410763e-06,0.027811956,1.6961417e-05,4.9843345e-07,false,44,1000
blockdiag_high_index k=5,blockdiag_high_index_singular,45,5,10,float32,31,2.5235076e-06,7.7394826,368.5137,1.0382399e-06,0.010709167,1.6961417e-05,4.9843345e-07,false,44,1000
blockdiag_high_index k=5,blockdiag_high_index_singular,45,5,10,float32,32,2.5729767e-06,8.1466846,614.26917,1.0025713e-06,0.0068786428,1.6961417e-05,4.9843345e-07,false,44,1000
blockdiag_high_index k=5,blockdiag_high_index_singular,45,5,10,float32,33,2.5732608e-06,8.3237736,718.37728,1.0137987e-06,0.0067688078,1.6961417e-05,4.9843345e-07,false,44,1000
blockdiag_high_index k=5,blockdiag_high_index_singular,45,5,10,float32,34,2.8768615e-06,8.3398841,727.8665,1.0311334e-06,0.0034710818,1.6961417e-05,4.9843345e-07,false,44,1000
blockdiag_high_index k=5,blockdiag_high_index_singular,45,5,10,float32,35,3.2576517e-06,8.5746308,958.16372,1.0931599e-06,0.003428261,1.6961417e-05,4.9843345e-07,false,44,1000
blockdiag_high_index k=5,blockdiag_high_index_singular,45,5,10,float32,36,3.2622983e-06,8.6598286,1012.5042,1.1140795e-06,0.003144735,1.6961417e-05,4.9843345e-07,false,44,1000
blockdiag_high_index k=5,blockdiag_high_index_singular,45,5,10,float32,37,1.6721361e-05,8.8938218,1048.6605,1.1145305e-06,0.0027081999,1.6961417e-05,4.9843345e-07,false,44,1000
blockdiag_high_index k=5,blockdiag_high_index_singular,45,5,10,float32,38,1.8806447e-05,9.2753889,1071.0995,1.1176413e-06,0.0014614117,1.6961417e-05,4.9843345e-07,false,44,1000
blockdiag_high_index k=5,blockdiag_high_index_singular,45,5,10,float32,39,2.0783837e-05,9.6180606,1400.4409,1.1325148e-06,0.00039651248,1.6961417e-05,4.9843345e-07,false,44,1000
blockdiag_high_index k=5,blockdiag_high_index_singular,45,5,10,float32,40,4.677799e-05,10.000023,1436.545,1.1457763e-06,5.6228964e-07,1.6961417e-05,4.9843345e-07,false,44,1000
blockdiag_high_index k=5,blockdiag_high_index_singular,45,5,10,float32,41,1,33386174,Inf,1.146879e-06,6.4493639e-07,1.6961417e-05,4.9843345e-07,false,44,1000
blockdiag_high_index k=5,blockdiag_high_index_singular,45,5,10,float32,42,1,38033986,Inf,1.1481317e-06,5.3227456e-07,1.6961417e-05,4.9843345e-07,false,44,1000
blockdiag_high_index k=5,blockdiag_high_index_singular,45,5,10,float32,43,1.0000001,55050869,Inf,1.1485934e-06,6.2760182e-07,1.6961417e-05,4.9843345e-07,false,44,1000
blockdiag_high_index k=5,blockdiag_high_index_singular,45,5,10,float32,44,1.0000002,75323610,Inf,1.167962e-06,4.9843345e-07,1.6961417e-05,4.9843345e-07,false,44,1000
coupled k=3,coupled_singular,43,3,10,float64,1,1.110223e-16,1,1,3.0818084e-16,0.88446687,1.3133692e-14,1.4037855e-15,true,40,1000
coupled k=3,coupled_singular,43,3,10,float64,2,2.4678726e-16,1.3105251,1.5062142,5.0941515e-16,0.87511884,1.3133692e-14,1.4037855e-15,true,40,1000
coupled k=3,coupled_singular,43,3,10,float64,3,2.497449e-16,1.4806513,1.7304086,5.8035859e-16,0.84044085,1.3133692e-14,1.4037855e-15,true,40,1000
coupled k=3,coupled_singular,43,3,10,float64,4,2.5287034e-16,1.8333815,2.4088982,5.8124337e-16,0.73542212,1.3133692e-14,1.4037855e-15,true,40,1000
coupled k=3,coupled_singular,43,3,10,float64,5,2.7768544e-16,1.8659515,2.6827742,5.8136174e-16,0.71090543,1.3133692e-14,1.4037855e-15,true,40,1000
coupled k=3,coupled_singular,43,3,10,float64,6,2.789292e-16,1.8708874,3.2230162,6.5949035e-16,0.70807758,1.3133692e-14,1.4037855e-15,true,40,1000
coupled k=3,coupled_singular,43,3,10,float64,7,3.0202004e-16,2.0063812,3.650559,8.5130839e-16,0.54747849,1.3133692e-14,1.4037855e-15,true,40,1000
coupled k=3,coupled_singular,43,3,10,float64,8,3.0053861e-16,2.1078344,4.3353768,7.8386868e-16,0.47235562,1.3133692e-14,1.4037855e-15,true,40,1000
coupled k=3,coupled_singular,43,3,10,float64,9,4.5899515e-16,2.1880331,7.6775915,7.8387855e-16,0.38969842,1.3133692e-14,1.4037855e-15,true,40,1000
coupled k=3,coupled_singular,43,3,10,float64,10,4.9032021e-16,2.2331641,9.6747289,8.2533622e-16,0.38257489,1.3133692e-14,1.4037855e-15,true,40,1000
coupled k=3,coupled_singular,43,3,10,float64,11,5.0312788e-16,2.420734,13.565991,8.2912482e-16,0.36238022,1.3133692e-14,1.4037855e-15,true,40,1000
coupled k=3,coupled_singular,43,3,10,float64,12,5.0542748e-16,3.5606793,17.970057,8.5299867e-16,0.35227164,1.3133692e-14,1.4037855e-15,true,40,1000
coupled k=3,coupled_singular,43,3,10,float64,13,5.1884882e-16,3.9520658,18.632237,8.7198859e-16,0.32925641,1.3133692e-14,1.4037855e-15,true,40,1000
coupled k=3,coupled_singular,43,3,10,float64,14,5.1930457e-16,3.9612649,22.956351,1.024127e-15,0.32831877,1.3133692e-14,1.4037855e-15,true,40,1000
coupled k=3,coupled_singular,43,3,10,float64,15,5.4388676e-16,3.9739375,25.885895,1.1237627e-15,0.30958368,1.3133692e-14,1.4037855e-15,true,40,1000
coupled k=3,coupled_singular,43,3,10,float64,16,5.5288772e-16,4.1400459,26.161407,1.2422711e-15,0.30785724,1.3133692e-14,1.4037855e-15,true,40,1000
coupled k=3,coupled_singular,43,3,10,float64,17,6.2473252e-16,4.1438015,32.018777,1.2940732e-15,0.22982039,1.3133692e-14,1.4037855e-15,true,40,1000
coupled k=3,coupled_singular,43,3,10,float64,18,6.1482231e-16,4.4579784,40.999791,1.3952526e-15,0.22981953,1.3133692e-14,1.4037855e-15,true,40,1000
coupled k=3,coupled_singular,43,3,10,float64,19,6.1486957e-16,4.6780628,49.130994,1.3992607e-15,0.22790277,1.3133692e-14,1.4037855e-15,true,40,1000
coupled k=3,coupled_singular,43,3,10,float64,20,6.4485686e-16,4.8959542,49.73257,1.4404495e-15,0.22790276,1.3133692e-14,1.4037855e-15,true,40,1000
coupled k=3,coupled_singular,43,3,10,float64,21,7.1779784e-16,4.9712361,50.491612,1.5185544e-15,0.21182707,1.3133692e-14,1.4037855e-15,true,40,1000
coupled k=3,coupled_singular,43,3,10,float64,22,7.0018549e-16,5.1368862,66.675576,1.5326131e-15,0.20761819,1.3133692e-14,1.4037855e-15,true,40,1000
coupled k=3,coupled_singular,43,3,10,float64,23,7.0488912e-16,5.2305479,68.731803,1.5608611e-15,0.15686273,1.3133692e-14,1.4037855e-15,true,40,1000
coupled k=3,coupled_singular,43,3,10,float64,24,8.3390477e-16,5.4723075,69.350335,1.5444466e-15,0.15647128,1.3133692e-14,1.4037855e-15,true,40,1000
coupled k=3,coupled_singular,43,3,10,float64,25,8.3969203e-16,5.6323032,90.892891,1.5485652e-15,0.15362776,1.3133692e-14,1.4037855e-15,true,40,1000
coupled k=3,coupled_singular,43,3,10,float64,26,9.0760476e-16,5.863831,94.85593,1.5886619e-15,0.15123963,1.3133692e-14,1.4037855e-15,true,40,1000
coupled k=3,coupled_singular,43,3,10,float64,27,9.1102066e-16,6.446758,110.50525,1.6531331e-15,0.14495626,1.3133692e-14,1.4037855e-15,true,40,1000
coupled k=3,coupled_singular,43,3,10,float64,28,9.2314731e-16,7.1325232,112.27109,1.6648267e-15,0.14295959,1.3133692e-14,1.4037855e-15,true,40,1000
coupled k=3,coupled_singular,43,3,10,float64,29,9.4144592e-16,7.1992673,117.99667,1.6697755e-15,0.13729384,1.3133692e-14,1.4037855e-15,true,40,1000
coupled k=3,coupled_singular,43,3,10,float64,30,9.5354709e-16,7.6353709,134.41421,1.7284045e-15,0.10660509,1.3133692e-14,1.4037855e-15,true,40,1000
coupled k=3,coupled_singular,43,3,10,float64,31,1.0471374e-15,7.7744712,167.74789,1.7305334e-15,0.10649592,1.3133692e-14,1.4037855e-15,true,40,1000
coupled k=3,coupled_singular,43,3,10,float64,32,1.2781527e-15,7.8219224,176.8179,2.4765544e-15,0.10339001,1.3133692e-14,1.4037855e-15,true,40,1000
coupled k=3,coupled_singular,43,3,10,float64,33,1.8051319e-15,8.041912,181.00428,2.4765603e-15,0.10125907,1.3133692e-14,1.4037855e-15,true,40,1000
coupled k=3,coupled_singular,43,3,10,float64,34,1.8031397e-15,8.4144,181.52197,2.5143523e-15,0.086930811,1.3133692e-14,1.4037855e-15,true,40,1000
coupled k=3,coupled_singular,43,3,10,float64,35,1.8058533e-15,8.6447321,187.28525,2.514807e-15,0.086361185,1.3133692e-14,1.4037855e-15,true,40,1000
coupled k=3,coupled_singular,43,3,10,float64,36,1.8731057e-15,8.8142202,196.90067,2.5252712e-15,0.04601995,1.3133692e-14,1.4037855e-15,true,40,1000
coupled k=3,coupled_singular,43,3,10,float64,37,1.9159928e-15,9.4106887,205.49247,2.5257465e-15,0.039924143,1.3133692e-14,1.4037855e-15,true,40,1000
coupled k=3,coupled_singular,43,3,10,float64,38,1.9168316e-15,9.5001638,241.23513,2.5662053e-15,0.039764597,1.3133692e-14,1.4037855e-15,true,40,1000
coupled k=3,coupled_singular,43,3,10,float64,39,1.9531735e-15,9.8738139,328.43345,2.5749547e-15,0.035880091,1.3133692e-14,1.4037855e-15,true,40,1000
coupled k=3,coupled_singular,43,3,10,float64,40,3.379956e-15,10,353.41817,7.8864118e-15,1.4037855e-15,1.3133692e-14,1.4037855e-15,true,40,1000
similarity n=1000 (dense; fails),similarity_singular,1000,3,10,float64,1,2.220446e-16,1,1,3.5756222e-16,0.99688041,1.0558261,0.70278613,false,120,1000
similarity n=1000 (dense; fails),similarity_singular,1000,3,10,float64,2,2.2259281e-16,1.0861341,1.054257,4.5989667e-16,0.99465085,1.0558261,0.70278613,false,120,1000
similarity n=1000 (dense; fails),similarity_singular,1000,3,10,float64,3,2.2606539e-16,1.1459648,1.1277185,4.7976498e-16,0.99253513,1.0558261,0.70278613,false,120,1000
similarity n=1000 (dense; fails),similarity_singular,1000,3,10,float64,4,2.3613533e-16,1.1744754,1.1437492,5.4012484e-16,0.98862163,1.0558261,0.70278613,false,120,1000
similarity n=1000 (dense; fails),similarity_singular,1000,3,10,float64,5,2.4184375e-16,1.2315233,1.3008031,5.791327e-16,0.98023725,1.0558261,0.70278613,false,120,1000
similarity n=1000 (dense; fails),similarity_singular,1000,3,10,float64,6,4.4604107e-16,1.2367714,1.3565097,6.2665479e-16,0.97781836,1.0558261,0.70278613,false,120,1000
similarity n=1000 (dense; fails),similarity_singular,1000,3,10,float64,7,4.4622123e-16,1.2433545,1.3633448,6.9047747e-16,0.97753513,1.0558261,0.70278613,false,120,1000
similarity n=1000 (dense; fails),similarity_singular,1000,3,10,float64,8,4.475845e-16,1.3118745,1.4647123,7.2232483e-16,0.9766539,1.0558261,0.70278613,false,120,1000
similarity n=1000 (dense; fails),similarity_singular,1000,3,10,float64,9,4.7052132e-16,1.3652903,1.4858543,7.5380738e-16,0.97656374,1.0558261,0.70278613,false,120,1000
similarity n=1000 (dense; fails),similarity_singular,1000,3,10,float64,10,4.5801746e-16,1.3902833,1.5370737,8.1179977e-16,0.97014205,1.0558261,0.70278613,false,120,1000
similarity n=1000 (dense; fails),similarity_singular,1000,3,10,float64,11,4.589827e-16,1.3982845,1.5806253,8.7247872e-16,0.96734142,1.0558261,0.70278613,false,120,1000
similarity n=1000 (dense; fails),similarity_singular,1000,3,10,float64,12,4.5891711e-16,1.3992845,1.6016691,8.440649e-16,0.96429596,1.0558261,0.70278613,false,120,1000
similarity n=1000 (dense; fails),similarity_singular,1000,3,10,float64,13,4.5892574e-16,1.4041029,1.6876255,8.9742947e-16,0.96053777,1.0558261,0.70278613,false,120,1000
similarity n=1000 (dense; fails),similarity_singular,1000,3,10,float64,14,4.6685377e-16,1.4198126,1.7785006,8.6553403e-16,0.96046911,1.0558261,0.70278613,false,120,1000
similarity n=1000 (dense; fails),similarity_singular,1000,3,10,float64,15,4.6685514e-16,1.4280014,1.8442266,9.5021848e-16,0.96029896,1.0558261,0.70278613,false,120,1000
similarity n=1000 (dense; fails),similarity_singular,1000,3,10,float64,16,4.6693317e-16,1.4403538,1.866837,9.3501055e-16,0.95883933,1.0558261,0.70278613,false,120,1000
similarity n=1000 (dense; fails),similarity_singular,1000,3,10,float64,17,4.6695376e-16,1.4759836,1.8673784,1.0773363e-15,0.95880901,1.0558261,0.70278613,false,120,1000
similarity n=1000 (dense; fails),similarity_singular,1000,3,10,float64,18,4.6777204e-16,1.4873985,1.8763054,1.0448051e-15,0.95793752,1.0558261,0.70278613,false,120,1000
similarity n=1000 (dense; fails),similarity_singular,1000,3,10,float64,19,4.6780753e-16,1.4921519,1.8816034,1.0518295e-15,0.95784286,1.0558261,0.70278613,false,120,1000
similarity n=1000 (dense; fails),similarity_singular,1000,3,10,float64,20,4.679585e-16,1.4981668,1.8881334,1.0474264e-15,0.95605702,1.0558261,0.70278613,false,120,1000
similarity n=1000 (dense; fails),similarity_singular,1000,3,10,float64,21,4.6795859e-16,1.4985355,1.9071554,1.0770349e-15,0.95488036,1.0558261,0.70278613,false,120,1000
similarity n=1000 (dense; fails),similarity_singular,1000,3,10,float64,22,4.7029014e-16,1.5162052,1.9211678,1.1365245e-15,0.95461173,1.0558261,0.70278613,false,120,1000
similarity n=1000 (dense; fails),similarity_singular,1000,3,10,float64,23,4.703119e-16,1.5279456,1.9250248,1.1367122e-15,0.94677448,1.0558261,0.70278613,false,120,1000
similarity n=1000 (dense; fails),similarity_singular,1000,3,10,float64,24,4.7202201e-16,1.5519972,1.9451149,1.1462783e-15,0.94177282,1.0558261,0.70278613,false,120,1000
similarity n=1000 (dense; fails),similarity_singular,1000,3,10,float64,25,4.7821528e-16,1.559477,2.0518335,1.1963087e-15,0.94105142,1.0558261,0.70278613,false,120,1000
similarity n=1000 (dense; fails),similarity_singular,1000,3,10,float64,26,4.7321657e-16,1.5633543,2.0845627,1.1795633e-15,0.93796298,1.0558261,0.70278613,false,120,1000
similarity n=1000 (dense; fails),similarity_singular,1000,3,10,float64,27,6.7910318e-16,1.5801103,2.0893415,1.2750046e-15,0.93737248,1.0558261,0.70278613,false,120,1000
similarity n=1000 (dense; fails),similarity_singular,1000,3,10,float64,28,6.9619351e-16,1.5934483,2.1195851,1.2543611e-15,0.93665,1.0558261,0.70278613,false,120,1000
similarity n=1000 (dense; fails),similarity_singular,1000,3,10,float64,29,6.9670709e-16,1.5941246,2.1271664,1.4133407e-15,0.93488713,1.0558261,0.70278613,false,120,1000
similarity n=1000 (dense; fails),similarity_singular,1000,3,10,float64,30,6.9741812e-16,1.603756,2.1362857,1.3948008e-15,0.93483952,1.0558261,0.70278613,false,120,1000
similarity n=1000 (dense; fails),similarity_singular,1000,3,10,float64,31,6.9742106e-16,1.6049802,2.2125905,1.395957e-15,0.93461021,1.0558261,0.70278613,false,120,1000
similarity n=1000 (dense; fails),similarity_singular,1000,3,10,float64,32,6.981753e-16,1.6179216,2.2890293,1.4274316e-15,0.93367513,1.0558261,0.70278613,false,120,1000
similarity n=1000 (dense; fails),similarity_singular,1000,3,10,float64,33,6.9817552e-16,1.6199417,2.3616518,1.4438662e-15,0.93302558,1.0558261,0.70278613,false,120,1000
similarity n=1000 (dense; fails),similarity_singular,1000,3,10,float64,34,6.9822261e-16,1.6275715,2.3978061,1.4452997e-15,0.9286236,1.0558261,0.70278613,false,120,1000
similarity n=1000 (dense; fails),similarity_singular,1000,3,10,float64,35,6.9853522e-16,1.6547135,2.4102437,1.4976411e-15,0.92840055,1.0558261,0.70278613,false,120,1000
similarity n=1000 (dense; fails),similarity_singular,1000,3,10,float64,36,7.0059565e-16,1.685238,2.4957779,1.4761857e-15,0.92687588,1.0558261,0.70278613,false,120,1000
similarity n=1000 (dense; fails),similarity_singular,1000,3,10,float64,37,7.0160752e-16,1.6864332,2.6189013,1.4989092e-15,0.92419601,1.0558261,0.70278613,false,120,1000
similarity n=1000 (dense; fails),similarity_singular,1000,3,10,float64,38,7.0236344e-16,1.7130316,2.6836574,1.5358486e-15,0.92237705,1.0558261,0.70278613,false,120,1000
similarity n=1000 (dense; fails),similarity_singular,1000,3,10,float64,39,7.026608e-16,1.7207555,2.7003467,1.5461007e-15,0.92235003,1.0558261,0.70278613,false,120,1000
similarity n=1000 (dense; fails),similarity_singular,1000,3,10,float64,40,7.0537378e-16,1.7371582,2.7132228,1.5668501e-15,0.92224203,1.0558261,0.70278613,false,120,1000
similarity n=1000 (dense; fails),similarity_singular,1000,3,10,float64,41,7.0537385e-16,1.7637488,2.7619473,1.6584814e-15,0.91508231,1.0558261,0.70278613,false,120,1000
similarity n=1000 (dense; fails),similarity_singular,1000,3,10,float64,42,7.080881e-16,1.7656494,2.7637465,1.6593841e-15,0.91353673,1.0558261,0.70278613,false,120,1000
similarity n=1000 (dense; fails),similarity_singular,1000,3,10,float64,43,7.0857528e-16,1.7772318,2.7745513,1.6594176e-15,0.9135268,1.0558261,0.70278613,false,120,1000
similarity n=1000 (dense; fails),similarity_singular,1000,3,10,float64,44,7.0979874e-16,1.8312485,2.8510949,1.6600055e-15,0.90319437,1.0558261,0.70278613,false,120,1000
similarity n=1000 (dense; fails),similarity_singular,1000,3,10,float64,45,7.108577e-16,1.8432243,2.8595626,1.6705676e-15,0.90318162,1.0558261,0.70278613,false,120,1000
similarity n=1000 (dense; fails),similarity_singular,1000,3,10,float64,46,7.1095618e-16,1.8468281,2.8662385,1.6819514e-15,0.90285694,1.0558261,0.70278613,false,120,1000
similarity n=1000 (dense; fails),similarity_singular,1000,3,10,float64,47,7.1127954e-16,1.8612365,2.871367,1.7055282e-15,0.90022268,1.0558261,0.70278613,false,120,1000
similarity n=1000 (dense; fails),similarity_singular,1000,3,10,float64,48,7.1237464e-16,1.8801638,2.8842879,1.731417e-15,0.89821377,1.0558261,0.70278613,false,120,1000
similarity n=1000 (dense; fails),similarity_singular,1000,3,10,float64,49,7.1285634e-16,1.884867,2.8907651,1.7333927e-15,0.8898829,1.0558261,0.70278613,false,120,1000
similarity n=1000 (dense; fails),similarity_singular,1000,3,10,float64,50,7.1500231e-16,1.8959872,2.9378289,1.8677707e-15,0.88409186,1.0558261,0.70278613,false,120,1000
similarity n=1000 (dense; fails),similarity_singular,1000,3,10,float64,51,7.1502093e-16,1.9207059,2.9977549,1.8677728e-15,0.88169401,1.0558261,0.70278613,false,120,1000
similarity n=1000 (dense; fails),similarity_singular,1000,3,10,float64,52,7.2679876e-16,1.9252082,3.0203462,1.8693492e-15,0.88047201,1.0558261,0.70278613,false,120,1000
similarity n=1000 (dense; fails),similarity_singular,1000,3,10,float64,53,7.2683485e-16,1.9260417,3.0227851,1.8723455e-15,0.87963247,1.0558261,0.70278613,false,120,1000
similarity n=1000 (dense; fails),similarity_singular,1000,3,10,float64,54,7.2836739e-16,1.9356121,3.0784088,1.8783103e-15,0.87833938,1.0558261,0.70278613,false,120,1000
similarity n=1000 (dense; fails),similarity_singular,1000,3,10,float64,55,7.2836748e-16,1.9406983,3.2442535,1.8787411e-15,0.87815305,1.0558261,0.70278613,false,120,1000
similarity n=1000 (dense; fails),similarity_singular,1000,3,10,float64,56,7.2855684e-16,1.9445488,3.2892355,1.8961529e-15,0.87815019,1.0558261,0.70278613,false,120,1000
similarity n=1000 (dense; fails),similarity_singular,1000,3,10,float64,57,7.2855694e-16,1.96396,3.2905061,1.8962369e-15,0.87811542,1.0558261,0.70278613,false,120,1000
similarity n=1000 (dense; fails),similarity_singular,1000,3,10,float64,58,7.3059957e-16,1.9696448,3.3173339,1.8995661e-15,0.87664027,1.0558261,0.70278613,false,120,1000
similarity n=1000 (dense; fails),similarity_singular,1000,3,10,float64,59,7.3679889e-16,1.9728973,3.3336649,1.9069875e-15,0.87314113,1.0558261,0.70278613,false,120,1000
similarity n=1000 (dense; fails),similarity_singular,1000,3,10,float64,60,7.3068007e-16,1.9888595,3.3362849,1.9368527e-15,0.86743811,1.0558261,0.70278613,false,120,1000
similarity n=1000 (dense; fails),similarity_singular,1000,3,10,float64,61,7.3068261e-16,2.0109078,3.4295999,2.0055568e-15,0.86694048,1.0558261,0.70278613,false,120,1000
similarity n=1000 (dense; fails),similarity_singular,1000,3,10,float64,62,7.3123829e-16,2.0117008,3.4666768,2.0705027e-15,0.86518875,1.0558261,0.70278613,false,120,1000
similarity n=1000 (dense; fails),similarity_singular,1000,3,10,float64,63,7.314065e-16,2.0436957,3.4955521,2.0719833e-15,0.85531913,1.0558261,0.70278613,false,120,1000
similarity n=1000 (dense; fails),similarity_singular,1000,3,10,float64,64,7.3308268e-16,2.0445755,3.5187033,2.0720665e-15,0.85463159,1.0558261,0.70278613,false,120,1000
similarity n=1000 (dense; fails),similarity_singular,1000,3,10,float64,65,7.3351145e-16,2.0565817,3.5263268,2.076413e-15,0.85303648,1.0558261,0.70278613,false,120,1000
similarity n=1000 (dense; fails),similarity_singular,1000,3,10,float64,66,7.3498753e-16,2.0715915,3.5568353,2.0994665e-15,0.85066715,1.0558261,0.70278613,false,120,1000
similarity n=1000 (dense; fails),similarity_singular,1000,3,10,float64,67,7.3581352e-16,2.0746097,3.572051,2.108373e-15,0.85010431,1.0558261,0.70278613,false,120,1000
similarity n=1000 (dense; fails),similarity_singular,1000,3,10,float64,68,7.3700605e-16,2.0752274,3.6189312,2.1193613e-15,0.8469394,1.0558261,0.70278613,false,120,1000
similarity n=1000 (dense; fails),similarity_singular,1000,3,10,float64,69,7.3723874e-16,2.0771827,3.7213438,2.1476898e-15,0.84677222,1.0558261,0.70278613,false,120,1000
similarity n=1000 (dense; fails),similarity_singular,1000,3,10,float64,70,7.3848451e-16,2.0811659,3.7922211,2.184685e-15,0.83646862,1.0558261,0.70278613,false,120,1000
similarity n=1000 (dense; fails),similarity_singular,1000,3,10,float64,71,7.3929721e-16,2.1198775,3.8511537,2.1847318e-15,0.83640108,1.0558261,0.70278613,false,120,1000
similarity n=1000 (dense; fails),similarity_singular,1000,3,10,float64,72,7.3862013e-16,2.1347079,3.8524938,2.2187323e-15,0.80868361,1.0558261,0.70278613,false,120,1000
similarity n=1000 (dense; fails),similarity_singular,1000,3,10,float64,73,7.3862213e-16,2.1626595,3.97328,2.2188933e-15,0.80334918,1.0558261,0.70278613,false,120,1000
similarity n=1000 (dense; fails),similarity_singular,1000,3,10,float64,74,7.3870134e-16,2.1787955,4.0568047,2.254604e-15,0.8033073,1.0558261,0.70278613,false,120,1000
similarity n=1000 (dense; fails),similarity_singular,1000,3,10,float64,75,7.3873151e-16,2.1818805,4.0887481,2.2737509e-15,0.80143011,1.0558261,0.70278613,false,120,1000
similarity n=1000 (dense; fails),similarity_singular,1000,3,10,float64,76,7.3943391e-16,2.1938846,4.0895828,2.2901391e-15,0.79733263,1.0558261,0.70278613,false,120,1000
similarity n=1000 (dense; fails),similarity_singular,1000,3,10,float64,77,7.4147098e-16,2.194005,4.1111851,2.2901434e-15,0.79716926,1.0558261,0.70278613,false,120,1000
similarity n=1000 (dense; fails),similarity_singular,1000,3,10,float64,78,7.4111471e-16,2.2206587,4.192037,2.3107965e-15,0.79129618,1.0558261,0.70278613,false,120,1000
similarity n=1000 (dense; fails),similarity_singular,1000,3,10,float64,79,7.4407316e-16,2.222688,4.2167797,2.3121744e-15,0.78916689,1.0558261,0.70278613,false,120,1000
similarity n=1000 (dense; fails),similarity_singular,1000,3,10,float64,80,7.4248988e-16,2.2340805,4.2466636,2.3226046e-15,0.78582693,1.0558261,0.70278613,false,120,1000
similarity n=1000 (dense; fails),similarity_singular,1000,3,10,float64,81,7.4256172e-16,2.2342016,4.4168045,2.3317355e-15,0.7852081,1.0558261,0.70278613,false,120,1000
similarity n=1000 (dense; fails),similarity_singular,1000,3,10,float64,82,7.4255803e-16,2.2427035,4.5111718,2.3345979e-15,0.78486263,1.0558261,0.70278613,false,120,1000
similarity n=1000 (dense; fails),similarity_singular,1000,3,10,float64,83,7.4272211e-16,2.2429581,4.5920425,2.3348877e-15,0.78413588,1.0558261,0.70278613,false,120,1000
similarity n=1000 (dense; fails),similarity_singular,1000,3,10,float64,84,7.4264863e-16,2.2547206,4.6144924,2.4244865e-15,0.7836051,1.0558261,0.70278613,false,120,1000
similarity n=1000 (dense; fails),similarity_singular,1000,3,10,float64,85,7.4290451e-16,2.2889679,4.6262614,2.4292704e-15,0.77286927,1.0558261,0.70278613,false,120,1000
similarity n=1000 (dense; fails),similarity_singular,1000,3,10,float64,86,7.437556e-16,2.2891168,4.8593386,2.4334135e-15,0.77260151,1.0558261,0.70278613,false,120,1000
similarity n=1000 (dense; fails),similarity_singular,1000,3,10,float64,87,7.4390238e-16,2.2911181,4.859843,2.4365466e-15,0.77156874,1.0558261,0.70278613,false,120,1000
similarity n=1000 (dense; fails),similarity_singular,1000,3,10,float64,88,7.4375964e-16,2.3152296,4.8607566,2.43917e-15,0.76855536,1.0558261,0.70278613,false,120,1000
similarity n=1000 (dense; fails),similarity_singular,1000,3,10,float64,89,7.4379257e-16,2.321713,4.8694716,2.4394296e-15,0.76813487,1.0558261,0.70278613,false,120,1000
similarity n=1000 (dense; fails),similarity_singular,1000,3,10,float64,90,7.4627651e-16,2.3291258,4.9080975,2.4853837e-15,0.76713075,1.0558261,0.70278613,false,120,1000
similarity n=1000 (dense; fails),similarity_singular,1000,3,10,float64,91,7.4654053e-16,2.3325098,4.9221345,2.4858402e-15,0.76649495,1.0558261,0.70278613,false,120,1000
similarity n=1000 (dense; fails),similarity_singular,1000,3,10,float64,92,7.4650793e-16,2.3369765,4.9228543,2.5121314e-15,0.76565253,1.0558261,0.70278613,false,120,1000
similarity n=1000 (dense; fails),similarity_singular,1000,3,10,float64,93,7.4651451e-16,2.3710174,4.9395623,2.5464558e-15,0.76427977,1.0558261,0.70278613,false,120,1000
similarity n=1000 (dense; fails),similarity_singular,1000,3,10,float64,94,7.4968586e-16,2.3965578,4.9947946,2.5749047e-15,0.76389152,1.0558261,0.70278613,false,120,1000
similarity n=1000 (dense; fails),similarity_singular,1000,3,10,float64,95,7.5015272e-16,2.4060813,5.0232756,2.5875321e-15,0.76229961,1.0558261,0.70278613,false,120,1000
similarity n=1000 (dense; fails),similarity_singular,1000,3,10,float64,96,7.5049737e-16,2.4214257,5.1004072,2.5941861e-15,0.76201821,1.0558261,0.70278613,false,120,1000
similarity n=1000 (dense; fails),similarity_singular,1000,3,10,float64,97,7.5120694e-16,2.4271622,5.1024636,2.5986956e-15,0.76112877,1.0558261,0.70278613,false,120,1000
similarity n=1000 (dense; fails),similarity_singular,1000,3,10,float64,98,7.5578127e-16,2.4445573,5.1065196,2.6010647e-15,0.76061491,1.0558261,0.70278613,false,120,1000
similarity n=1000 (dense; fails),similarity_singular,1000,3,10,float64,99,7.5625954e-16,2.4530159,5.1294117,2.6029748e-15,0.75455559,1.0558261,0.70278613,false,120,1000
similarity n=1000 (dense; fails),similarity_singular,1000,3,10,float64,100,7.5725771e-16,2.4664308,5.1527475,2.6091779e-15,0.74981593,1.0558261,0.70278613,false,120,1000
similarity n=1000 (dense; fails),similarity_singular,1000,3,10,float64,101,7.5725952e-16,2.4831831,5.1607237,2.6256135e-15,0.74518165,1.0558261,0.70278613,false,120,1000
similarity n=1000 (dense; fails),similarity_singular,1000,3,10,float64,102,7.6469775e-16,2.4946201,5.1672522,2.6407961e-15,0.74512867,1.0558261,0.70278613,false,120,1000
similarity n=1000 (dense; fails),similarity_singular,1000,3,10,float64,103,7.6585039e-16,2.5112319,5.2442368,2.6441344e-15,0.74497244,1.0558261,0.70278613,false,120,1000
similarity n=1000 (dense; fails),similarity_singular,1000,3,10,float64,104,7.6649874e-16,2.51217,5.2758006,2.6472765e-15,0.73961439,1.0558261,0.70278613,false,120,1000
similarity n=1000 (dense; fails),similarity_singular,1000,3,10,float64,105,7.680781e-16,2.5162274,5.3659982,2.6493881e-15,0.73961403,1.0558261,0.70278613,false,120,1000
similarity n=1000 (dense; fails),similarity_singular,1000,3,10,float64,106,7.7198986e-16,2.531114,5.3743128,2.6951102e-15,0.73776922,1.0558261,0.70278613,false,120,1000
similarity n=1000 (dense; fails),similarity_singular,1000,3,10,float64,107,7.7251537e-16,2.5498547,5.3976072,2.6971719e-15,0.73661112,1.0558261,0.70278613,false,120,1000
similarity n=1000 (dense; fails),similarity_singular,1000,3,10,float64,108,7.7639329e-16,2.5649505,5.4694031,2.7575535e-15,0.73660656,1.0558261,0.70278613,false,120,1000
similarity n=1000 (dense; fails),similarity_singular,1000,3,10,float64,109,7.7858095e-16,2.57468,5.605393,2.7740233e-15,0.73477247,1.0558261,0.70278613,false,120,1000
similarity n=1000 (dense; fails),similarity_singular,1000,3,10,float64,110,7.8227696e-16,2.5927613,5.7955719,2.7767151e-15,0.73368984,1.0558261,0.70278613,false,120,1000
similarity n=1000 (dense; fails),similarity_singular,1000,3,10,float64,111,7.8274792e-16,2.5965203,5.9300359,2.7818856e-15,0.73254353,1.0558261,0.70278613,false,120,1000
similarity n=1000 (dense; fails),similarity_singular,1000,3,10,float64,112,7.8849511e-16,2.6271049,5.9477744,2.8128386e-15,0.72166179,1.0558261,0.70278613,false,120,1000
similarity n=1000 (dense; fails),similarity_singular,1000,3,10,float64,113,7.904136e-16,2.6407796,5.9687502,2.8129116e-15,0.72160547,1.0558261,0.70278613,false,120,1000
similarity n=1000 (dense; fails),similarity_singular,1000,3,10,float64,114,7.9225666e-16,2.6577232,6.028899,2.8130131e-15,0.71689506,1.0558261,0.70278613,false,120,1000
similarity n=1000 (dense; fails),similarity_singular,1000,3,10,float64,115,7.9602653e-16,2.6699204,6.0306148,2.8144448e-15,0.71415685,1.0558261,0.70278613,false,120,1000
similarity n=1000 (dense; fails),similarity_singular,1000,3,10,float64,116,7.9681326e-16,2.6766873,6.0454019,2.8390711e-15,0.71015602,1.0558261,0.70278613,false,120,1000
similarity n=1000 (dense; fails),similarity_singular,1000,3,10,float64,117,7.9690127e-16,2.6811878,6.0461686,2.8402221e-15,0.70963792,1.0558261,0.70278613,false,120,1000
similarity n=1000 (dense; fails),similarity_singular,1000,3,10,float64,118,7.9782716e-16,2.6984417,6.0981877,2.8652703e-15,0.70886575,1.0558261,0.70278613,false,120,1000
similarity n=1000 (dense; fails),similarity_singular,1000,3,10,float64,119,7.99049e-16,2.7108358,6.1046002,2.8677464e-15,0.70442668,1.0558261,0.70278613,false,120,1000
similarity n=1000 (dense; fails),similarity_singular,1000,3,10,float64,120,8.0434039e-16,2.7130217,6.1176049,2.9287129e-15,0.70278613,1.0558261,0.70278613,false,120,1000
